,index,Variance,FTest,MutuaInfo,GRA,DecisionTree,XGBoost,RandomForest,ExtraTrees,Lasso
0,nAcid,0.9999999999999999,8.347713153715025,0.001414741761530891,0.8016153239419944,4.17222682897321e-05,1.4799018e-05,3.6979578577232226e-05,0.0004410815080683917,0.042022537214122024
1,ALogP,0.9999999999999999,72.25907111441597,0.05813302098684581,0.8016414038156214,0.0008811494453945584,0.00012855296,0.003114806885436182,0.002380815475946121,0.0347455354024236
2,ALogp2,0.9999999999999999,2.1561233404696427,0.025271779436589537,0.8006469145575411,1.2978202706251758e-05,0.0001744659,0.002030612355906435,0.0016666762053643446,0.08079284919133854
3,AMR,1.0000000000000002,435.0846430840818,0.19871020624987068,0.8009898453216494,0.0004692866158535778,0.00034067937,0.0010820832392824523,0.005282235776928426,0.7926020364895079
4,apol,1.0,339.523357624568,0.2159204911441277,0.8009874365956388,5.703444610238155e-05,0.0012053914,0.0003189469781483445,0.0025070287195382264,0.36455459409859226
5,naAromAtom,1.0,233.643415902721,0.24574609528505942,0.8014148811052203,4.900309576024015e-07,0.0011332653,0.00011936460696345403,0.0005447801477400601,0.30623226101959916
6,nAromBond,1.0,175.64542479595488,0.21727581374206872,0.8014985899834346,4.873578809494033e-07,5.7636313e-05,0.00020467235499794468,0.0007961177987525817,0.06181217557459463
7,nAtom,1.0000000000000002,297.3683844945002,0.2056000102053419,0.8009841388786689,1.5177803142958676e-06,0.00023559266,0.000266101738268523,0.0023056418037765707,0.13595168111524025
8,nHeavyAtom,0.9999999999999999,276.56786136432675,0.19014066341613045,0.8010066947934565,4.685484402686146e-05,0.00011122574,8.504781302898055e-05,0.0006280327031645573,0.13273901249231823
9,nH,0.9999999999999999,266.2573083105096,0.1915040804152479,0.8010798329204881,0.001255454737441751,0.00016737272,0.0003700779561116131,0.002569718604349807,0.19148186933592534
10,nC,1.0,527.9532289927739,0.23091436757275607,0.8009764898476996,1.6426182260558484e-05,0.07399469,0.012288024750909798,0.018221734108516466,0.02186942621555346
11,nN,1.0,70.84219690215862,0.14411838552141631,0.8016468265033799,8.821176960036854e-05,0.0027294718,0.0003206681116288879,0.0026374649977089827,0.07503617269362663
12,nO,1.0,10.271392195952766,0.09540591542002552,0.8018411753367051,3.6833439553986927e-06,0.00015802254,6.791008043207069e-05,0.0007105185832421561,0.5056894110628639
13,nS,1.0,0.08353745986137072,0.08900719473240803,0.8019671038348332,0.0,2.8710298e-05,8.14417489270764e-05,0.0012131988582387814,0.17808204026688484
14,nP,1.0000000000000002,2.550639666161534,0.0,0.8002185926300011,0.0,0.0,0.0,0.0,0.06502674233074014
15,nF,1.0000000000000002,15.061545102823342,0.02442034224727907,0.8017388592763842,6.423089995500016e-06,0.00013065012,1.7582486218714252e-05,0.0002978769214684124,0.8661587806978557
16,nCl,1.0,7.397023265052931,0.006531668737959739,0.8015798200213826,0.0,5.402162e-05,4.940194506835057e-06,8.60376586727123e-05,0.21301987619216586
17,nBr,1.0,17.024278540975516,0.0022712353999725376,0.8018719496774956,1.5434547906776355e-06,6.942305e-07,1.5657642843118255e-05,0.00015049042603777703,0.11075244252001946
18,nI,1.0,3.8641813621843557,0.0050725492106490355,0.7999277360656181,0.0,0.0,0.0,5.459546015508995e-08,0.05432742917931086
19,nX,1.0000000000000002,0.8420086533935907,0.012288608648657995,0.8019795604365688,2.620921120470856e-07,6.6574235e-06,0.00010758626106862242,0.0009628524464006903,0.006026609884268319
20,ATSc1,1.0,1.5612995377339898,0.215798087521482,0.8017844778614104,0.0010693206723627958,0.00069008465,0.002371939175920754,0.002354363003390169,0.10980752046726734
21,ATSc2,0.9999999999999998,7.331024173071842,0.2556105343087145,0.8018957595958605,0.008279048669899682,0.0006044065,0.004472846920254242,0.0031804594051216793,0.38389663107508293
22,ATSc3,1.0000000000000002,278.6405621945217,0.2005269431752188,0.8028136444248923,0.006650918264004431,0.000384664,0.008754877576632562,0.0028939273089720313,0.17719957706858108
23,ATSc4,1.0000000000000002,222.6714834038967,0.22328738828744488,0.8012284763325942,0.00444344446260234,0.00047844643,0.0037596168740283015,0.003681522861628381,0.2903736624825735
24,ATSc5,1.0,11.309996203646913,0.1771103358980417,0.8021713465776248,0.008584497943078473,0.0010607038,0.003936474508645543,0.0023226640423398078,0.09823401536925559
25,ATSm1,1.0,15.343226126985778,0.1861242732296291,0.8010855318358409,0.001278937805644381,0.00015585053,0.0008436038370876725,0.000733989761481006,0.10211816699318692
26,ATSm2,1.0,193.33360717980207,0.20834487299533055,0.8011781380906614,3.361009668285809e-05,0.0033167142,0.0005776945247093831,0.0008049972645551916,0.09755143217385914
27,ATSm3,0.9999999999999998,176.28827577751468,0.14171060035081506,0.8012386834951456,0.0001693288038323941,0.00081163325,0.0008168633196710327,0.0005729579012634567,0.45588820595418555
28,ATSm4,1.0,192.34884698925882,0.14404130140494242,0.8012162730626736,0.00016670061556756986,0.00037640694,0.0006896913362517469,0.0005609137231929954,0.2855950088069825
29,ATSm5,1.0,132.14723528774854,0.14653497679325422,0.8011827519349946,0.005113191175554121,0.000192254,0.002160932677481025,0.0013096105445820456,0.674896087303545
30,ATSp1,1.0000000000000002,367.8882951023319,0.19575973683392967,0.8010409972648612,3.1596912507401624e-05,0.0001831526,0.0006512938244936447,0.004461688474633279,1.1092393982381281
31,ATSp2,0.9999999999999998,373.67047048061784,0.19859370369659146,0.8010772078970781,2.74040192954484e-05,0.00011281932,0.0004171255446563784,0.004488994653920377,0.1403881755881778
32,ATSp3,1.0,346.6373185415364,0.18826082522838394,0.8011757596517256,1.6720497355961316e-05,0.00029505914,0.0008319215453227233,0.0010547242048904555,0.16878142822614645
33,ATSp4,1.0000000000000002,377.23327566757075,0.23930690856306747,0.8011405571108353,0.0014641341527619463,0.00058520824,0.0007697136934979952,0.0019159200462508501,0.5416884953335773
34,ATSp5,1.0,340.30260837999174,0.24317018305868832,0.8011344597196074,0.0002510132820212566,0.0016182852,0.0012777537497694743,0.005602274747784835,0.5975355617869743
35,nBase,1.0,65.13654430544645,0.1875344082738466,0.8007936249288614,4.9698770120933364e-05,0.000622683,0.0002754397990230569,0.005314627500503729,0.12486121296697941
36,BCUTw-1l,0.9999999999999998,54.39059576705788,0.051069785158415204,0.8024589182779899,0.0015794016090016814,0.0006599741,0.0010522835235346382,0.0013962108323923319,0.03820255350950721
37,BCUTw-1h,1.0,6.207942580016937,0.13567710329722038,0.8021332194946205,4.335078909470079e-05,0.0012063377,0.001031463884135559,0.0009644214302121494,0.22492442576738997
38,BCUTc-1l,1.0,223.80771046378345,0.3653035606128987,0.8027945700102818,0.0031432995617816655,0.006888294,0.026688638418147326,0.002698774422445516,0.05036221471461015
39,BCUTc-1h,1.0,170.08489931858404,0.34703270237590766,0.8026918154293439,0.018136447163330297,0.0005805438,0.0054301862183859925,0.003146268814791734,0.16854230125661343
40,BCUTp-1l,1.0,38.76638191203488,0.23082041161081124,0.8023966983318764,0.006644268450941958,0.0020555237,0.0032601743339915807,0.0017449974399836262,0.05292365070102767
41,BCUTp-1h,1.0000000000000002,443.5835917947887,0.2607859833935091,0.8012020224919955,0.007592768380220953,0.0025115176,0.005275040979379689,0.003943820924186899,0.19590969060212163
42,nBonds,1.0000000000000002,316.8258317160098,0.19574123068912774,0.8010278425671482,3.977995891234843e-06,0.0,4.0956211525982e-05,0.0005915292235240169,0.6022472923820572
43,nBonds2,1.0,320.80853591340696,0.2030088827290477,0.8009954211566174,1.3404623517961257e-05,0.0,0.00022031346429932368,0.0005263543259300229,0.012991256357499939
44,nBondsS,1.0,297.6482610569891,0.19667443801446982,0.8010281329898733,2.309481387748456e-05,0.0003144821,0.0002134867216545623,0.0007150245806216456,0.001092665010511965
45,nBondsS2,1.0000000000000002,221.54516163132968,0.20064821249132603,0.8010979411338014,4.3405018263063386e-05,0.002633765,0.0007244855841293542,0.0006259533992839952,0.02086247541049242
46,nBondsS3,1.0,144.2368290917081,0.18000012280919675,0.801229465684575,0.0011424765962175622,0.000598103,0.0006018429278077941,0.0007887791477773443,0.015460901312049103
47,nBondsD,1.0,103.36662305052975,0.170417416221198,0.8016021017371813,5.4596691355658024e-08,0.00038711482,0.0004231486822638883,0.0011527117267479197,0.04726322914290327
48,nBondsD2,0.9999999999999998,103.50570406132266,0.08882794902977631,0.8021104885749509,0.0002903347686540495,7.053869e-05,0.00024174896753382608,0.0013085896189570286,0.013605033467603127
49,nBondsT,1.0,11.967400328009933,0.00772084326534328,0.8018170475138263,0.0,0.0,2.2288427172514508e-05,9.387439802483454e-05,0.09556264672242509
50,nBondsM,1.0,111.84244820553732,0.1748781687364387,0.801617440485894,0.00010771807012230002,0.0003097111,0.00024748028557236047,0.0005077732581126278,0.050643774784359066
51,bpol,0.9999999999999999,184.86243579109086,0.23932840702066294,0.8011877238584899,0.00016007435866847303,0.0010216262,0.0025072275186196384,0.0007192966000812548,0.15262378214500283
52,C1SP1,0.9999999999999998,12.214117629360326,0.007197832201051524,0.8017848864448118,0.0,0.0,9.45038525122084e-06,7.102135490382547e-05,0.03970205732697332
53,C2SP1,0.9999999999999998,0.0844611152972672,0.0,0.8002131676969525,0.0,0.0,2.8690165353531834e-06,1.3748301786984814e-05,0.03387259025159523
54,C1SP2,0.9999999999999998,391.34917617638376,0.22661150844694222,0.8026681815024815,0.07221523588392129,0.101465546,0.03364420628064667,0.015191670301590084,0.05885109545151887
55,C2SP2,1.0,438.80161362034977,0.22684957270744155,0.8012003899928595,1.2892479005822525e-05,0.00020318473,0.0003921700191762929,0.005296143030965449,0.00616363083233351
56,C3SP2,1.0000000000000002,284.3210491288277,0.17006394559532545,0.8013399526010514,1.8700641008178588e-05,0.0082220975,0.0027390353400926996,0.008453155058843635,0.33541185119193123
57,C1SP3,1.0000000000000002,220.62184022441664,0.12185649112621988,0.8013611335092935,0.0006211048186899031,0.002867914,0.0006870288062874567,0.0018058894250859504,0.3409431781449525
58,C2SP3,1.0000000000000002,77.54561354774555,0.08576385592668423,0.8015144463983956,6.066474286506313e-06,1.4298213e-05,0.0002536442330480481,0.0008716474433417418,0.3375161544242451
59,C3SP3,1.0,0.851865237235333,0.029584912467417013,0.8021191124960401,0.0,0.00020609392,7.710026675586318e-05,0.0006951840752758955,0.1273973047574016
60,C4SP3,0.9999999999999996,12.252691682297048,0.05305363293606402,0.8022839082508241,5.9738256261809e-06,0.0,0.0009988639693701124,0.004274864538288392,0.08559391578807125
61,SCH-3,0.9999999999999998,1.4257297917159777,0.0,0.7997356785499589,0.0,0.0,5.7010871488463706e-08,3.2306077692514554e-06,0.23552085915216592
62,SCH-4,1.0000000000000002,15.098411968894975,0.0018488575508521787,0.8008927124676837,0.0,0.00016209067,8.697387568697788e-07,1.3649602193214071e-05,0.22723246215325416
63,SCH-5,1.0000000000000002,37.629513783196025,0.18387282481327594,0.802462920304643,2.5598474360061825e-05,0.0035927105,0.0018663942925093591,0.0017577778018395592,0.4175880906183861
64,SCH-6,1.0,46.986797435418204,0.19154988239126158,0.8017990448469062,0.00017742587073488062,0.00037797698,0.0013200491305627887,0.0011390187275178625,0.23234260386697966
65,SCH-7,1.0000000000000004,19.64049315035484,0.12416779570038106,0.8019045785477112,0.0005331986374669956,0.00020496271,0.002945269696967005,0.0022219839414519605,0.07944523387649768
66,VCH-3,0.9999999999999998,1.4257297917159777,0.0,0.7997356785499589,0.0,0.0,3.7058024558218937e-06,4.7927862261015956e-06,0.16550582850076243
67,VCH-4,0.9999999999999998,15.363276095288388,0.003388058879107536,0.8006465257989993,3.089883958940291e-05,0.0,6.718365539029037e-07,3.902458334764016e-05,0.2486596066491884
68,VCH-5,1.0000000000000002,2.228140900375151,0.19939493034788125,0.8020357892027775,0.010234266262792798,0.0077270204,0.004948763614255071,0.004834502255795944,0.564705912998721
69,VCH-6,0.9999999999999998,84.94002663848009,0.17930737875315916,0.8015908389237161,6.577751657872236e-05,0.0015869885,0.0015567912276236232,0.0010399076664593348,0.12645069636536138
70,VCH-7,0.9999999999999999,27.16982519581851,0.11747202473446183,0.8018018937054346,0.00015765328984768787,0.003065214,0.0026776583315930324,0.0013662897165560145,0.4033355913233509
71,SC-3,1.0,71.89139853899796,0.13095182393591465,0.8013038927614174,0.0013675259240711521,0.00062989944,0.0012669179466333969,0.0009951013367787082,0.3731733382588368
72,SC-4,1.0000000000000002,5.24601162814753,0.07329614069098644,0.8021999553641512,0.0,0.0022928785,0.00021642394074095455,0.0005893895753358813,0.35026155970177275
73,SC-5,1.0,4.507061109647681,0.19888934112178447,0.802149300150241,0.00026779261450314844,0.0010749174,0.0021586404436547625,0.0015399900346707576,0.31380695218732196
74,SC-6,1.0000000000000002,6.2774784487348825,0.10248354092745382,0.801574439987858,0.0,0.0005059098,0.0002065983813342239,0.0009594501108354539,0.25400490785482127
75,VC-3,1.0,79.5174829920689,0.15102403301656775,0.8013845955457312,0.0004738957378208709,0.0016983387,0.0014280488737785505,0.0010584641363394697,0.42176145483987626
76,VC-4,1.0,11.11140131787696,0.08947060999690493,0.8019059425898362,0.0,0.0011446172,0.000924673927771655,0.0007591533246376764,0.05059928049663709
77,VC-5,1.0000000000000002,21.22771588929283,0.18008708776191762,0.8016319590697186,7.052558092099354e-05,0.0074035805,0.012279958928776511,0.001783688500084782,0.47899730632402093
78,VC-6,1.0000000000000002,4.421092319070092,0.09085870813356989,0.8014276066520806,3.056633062627144e-07,0.0003732286,0.0008495620678857945,0.0005025572194601678,0.12200023538135993
79,SPC-4,0.9999999999999999,68.25056436003324,0.13628701929162101,0.8015498935728467,0.001094527202177142,0.00069143745,0.002935771225814474,0.0012156667125224835,0.13748545492296443
80,SPC-5,1.0000000000000002,59.88557725997031,0.10138295695087685,0.8017151701865863,4.236156932139548e-05,0.003791197,0.002610205448936737,0.0014896404596576917,0.3869813786415509
81,SPC-6,1.0,83.77871378040952,0.1730184912035453,0.801677067233792,0.006447826860616283,0.0018363992,0.004969023196983347,0.0018609942322560568,0.09630409744208242
82,VPC-4,0.9999999999999999,112.7361633910497,0.16048766754708055,0.8016670237684143,0.00010221426969631736,0.0012549969,0.0009805901029532663,0.0011861401101492396,0.4312002575330863
83,VPC-5,1.0,94.7199939843679,0.21512332376341803,0.8016930603959409,0.0005509263935486255,0.00014996761,0.002040132394226628,0.0016658468523664193,0.32839696540422325
84,VPC-6,1.0,91.67690882881591,0.20849325488634562,0.8016753251846365,0.0014210864348018675,0.0015990424,0.0023423221696246043,0.001586557458251355,0.9065061685288034
85,SP-0,1.0,235.8389226886213,0.20169549485953553,0.8009708800601034,4.289171713076295e-06,0.0018554607,0.00048336058209761035,0.0016342745436527003,0.7972993788454388
86,SP-1,0.9999999999999999,291.9457722176845,0.20575956326549338,0.8010189088645521,2.0828358235721443e-05,0.0002504655,0.00032823768726054757,0.0010559442026360593,0.032411938184174906
87,SP-2,0.9999999999999999,286.0050004681249,0.2323363847430997,0.8010215994358676,7.662372164626128e-06,0.0039837384,0.0012290491145957607,0.002428299318160013,0.2235353595622611
88,SP-3,0.9999999999999999,315.15840527266073,0.20241717891156874,0.8010956857365483,0.011750683479501266,0.0010864405,0.0006283799124163743,0.0009604490559452714,0.09373492438019242
89,SP-4,1.0000000000000002,313.6217312802582,0.19813334150146655,0.8011826898565712,0.0005082709278630016,0.00093366095,0.0014047134535212402,0.001112043807930294,0.36582592248234624
90,SP-5,1.0000000000000002,420.70366892543854,0.20385035620473335,0.8011190851374377,0.002616229091363802,0.0021409518,0.001304490400277952,0.001757679031903735,0.48141632494479075
91,SP-6,0.9999999999999999,362.6095926048811,0.23771068449890898,0.801238357894265,0.011052671976361906,0.0026347504,0.0017445139222204272,0.000982507837206749,0.20239943502844746
92,SP-7,1.0000000000000002,341.32451921154586,0.21590761954746718,0.801298944933988,0.0037670382313280512,0.0006206438,0.0017210183271360547,0.0013983548305743843,0.38726483859603733
93,VP-0,1.0,270.923591210932,0.20647579218887202,0.8010196537657233,0.00014830600572471005,0.0,0.0003548105568711487,0.0024479066301515487,0.002023599057320538
94,VP-1,1.0,329.22932752806895,0.20918095032609862,0.8010181063782904,5.700487685727282e-07,0.00024191773,0.0006616971697374099,0.002421409362270695,0.3253436651067287
95,VP-2,1.0,321.70964060699214,0.20723193537931728,0.8010696552151161,0.0004592299855645072,0.00027282556,0.0006114897518488811,0.0005875651625964859,0.14425178315331436
96,VP-3,0.9999999999999999,347.6743217616107,0.1721178652141404,0.801149687294273,0.0005963516361446822,0.0010260248,0.0007279632886621318,0.0009890856277565236,0.42325962472315254
97,VP-4,1.0,335.95261498469773,0.2262189257712004,0.8012433673216586,6.476311438385437e-05,0.0018860803,0.0016598112756270095,0.0012542531171854693,0.1002943032628669
98,VP-5,0.9999999999999998,328.04985208026955,0.20610281496492533,0.8013123645970648,0.00030627273641470446,0.0017665825,0.0010899525006279672,0.0009997678257995552,0.9352816659910773
99,VP-6,1.0000000000000002,227.6512482578308,0.21324918009017235,0.8014645112740645,0.0001442283798807059,0.00047855588,0.0008625160371169673,0.0013583941984419592,0.286143262475738
100,VP-7,0.9999999999999998,173.6587936550379,0.214559984087221,0.8015502442156257,8.741741774457941e-05,0.00075454486,0.0013840070173264947,0.0015858226811796112,0.05016194779912672
101,CrippenLogP,1.0000000000000002,403.8790522790149,0.1827263880592893,0.8011920614510364,0.0014698592107975147,0.00059903093,0.00547153870372261,0.0022328764024678394,0.08618113116746749
102,CrippenMR,1.0,305.89701885982504,0.24712538567673104,0.8010034932645246,9.71426663373809e-06,0.0019380728,0.0006090858105267588,0.004263028736580799,0.47975637274482824
103,ECCEN,1.0,156.99267236046845,0.20606021221925364,0.8007345337853116,0.0016765292409269036,0.0011373776,0.0019811459447991063,0.0021471661046717906,1.1757513584952874
104,nHBd,0.9999999999999997,21.779424799969544,0.08555756076244325,0.8004837120699996,0.0,0.0004229495,4.228835227963764e-05,0.0008760963930392554,0.5482773215098704
105,nwHBd,1.0,14.133268972419053,0.0031234648077538285,0.801091306217086,0.0,0.0,4.755083732456792e-06,2.6152483327221487e-05,0.015675162360997832
106,nHBa,1.0000000000000002,9.106415046199727,0.11369303148626964,0.8010459123696464,1.2748212123927956e-06,0.0015089855,0.00022426839874456126,0.0006245775921256909,0.567390412495609
107,nwHBa,0.9999999999999999,304.9521939250955,0.2614031538925583,0.80133207752438,6.6130216908642385e-06,0.00021076646,0.0014885228081803965,0.0013676443554657748,0.18946225420490348
108,nHBint2,0.9999999999999998,12.968991641207246,0.08562225185617489,0.8005882213357765,0.0,0.0,2.078712133391603e-05,0.0012301390110219669,0.12639433290714402
109,nHBint3,0.9999999999999994,6.831212864323536,0.04707299696935263,0.8002031087710104,6.536020165951789e-06,0.0,0.00013113457789483345,0.000985328729785493,0.14918842364661414
110,nHBint4,1.0000000000000002,22.52776188630049,0.07489354566452322,0.8021674503892979,6.423832552137279e-07,0.0023651056,0.00021749096135860804,0.001613339255292156,0.09459519259541847
111,nHBint5,1.0000000000000002,0.03644676745007898,0.04244321572386922,0.8007742513157806,1.5599131187398768e-07,5.074271e-05,0.00018107470411047856,0.0014484392466323404,0.031449331653615256
112,nHBint6,1.0,0.27762752471950547,0.07494623901128539,0.8002089837283507,0.006608286961855662,0.0015889194,0.0006352331570834284,0.0034918934089353476,0.3344196570201882
113,nHBint7,0.9999999999999999,0.1991268440544264,0.05057108698068613,0.8009437469246967,0.0,0.00048903876,0.0002747908267812365,0.0015046162802320867,0.09671500102772618
114,nHBint8,0.9999999999999999,0.024787235007228327,0.02337676899573271,0.8004100699803645,5.473601792296441e-06,0.00080817606,8.1030711838014e-05,0.0007854878055068248,0.2704288230562734
115,nHBint9,1.0,0.03312713110317669,0.028030238368144555,0.8003900796534691,2.599048189619724e-05,0.0028846061,0.00016144117280400528,0.0011568214919536412,0.08403201074567511
116,nHBint10,0.9999999999999999,68.19696242144967,0.09498970380884675,0.8008299302446739,1.5109666409824283e-06,0.0003645901,0.0008331696313922565,0.002306216115641717,0.3879717058145185
117,nHsOH,1.0,271.1316034825236,0.20318002148364567,0.8013829793699782,3.0830720668959947e-06,0.0,0.00015516808511733632,0.004941289099109205,0.2288869064787169
118,nHdNH,0.9999999999999994,1.4506540035129822,0.006542373968654869,0.8005715180134984,0.0,0.0,2.2321317913264135e-07,1.0306631796106313e-07,0.044752964627661825
119,nHsSH,0.9999999999999998,1.0394256029827122,0.0038473549278676966,0.8005714861766757,0.0,0.0,0.0,0.0,0.08470184261131797
120,nHsNH2,0.9999999999999996,3.161869378256926,0.017879894606665392,0.8003102892155034,0.0,0.0,9.066007527876669e-06,3.932937526568357e-05,0.007618089723944003
121,nHssNH,0.9999999999999999,42.684675109533245,0.08347228377665417,0.800944421672604,2.6419182812629605e-07,0.0,1.2635065863671674e-05,0.00018332537995941134,0.0877108325669683
122,nHaaNH,0.9999999999999999,1.980783254315757,0.0040003787965514626,0.8021526381559747,0.0,0.0,3.5080751272096665e-06,0.0002866261263580511,0.4044647811615914
123,nHtCH,0.9999999999999993,0.03770086356264096,0.0,0.7996141771384305,0.0,0.0,7.58160299948517e-07,7.747337809007213e-06,0.2831596731675271
124,nHdCH2,1.0000000000000004,12.882826020832361,0.006726535301354808,0.8012131960750362,0.0,0.0,1.534031291878389e-06,8.413461013000658e-05,0.3524896614352323
125,nHdsCH,1.0000000000000002,2.0083354320998925,0.06887403216893095,0.8020155777510181,1.3548073668783457e-05,0.0,3.0993499622869464e-05,0.0008307661938592531,0.10017695476871763
126,nHaaCH,1.0,387.870487015682,0.18384402324174598,0.8012482967654683,1.0324358129546683e-05,8.7227614e-05,0.0001098191239650673,0.0012087028117214302,0.15808402823729575
127,nHCHnX,1.0000000000000002,10.274397847278117,0.0016144857148505665,0.8011624264146656,0.0,0.0,4.184411983232572e-06,0.00013465671146736132,0.10347364529104512
128,nHCsats,0.9999999999999998,176.29586114702266,0.1223893045708131,0.8013419707727122,0.00012208882926392976,0.0020256627,0.00034751437247968755,0.0004073548036105089,0.026893148578036083
129,nHCsatu,1.0000000000000002,7.121601008195229,0.05929522054166192,0.8014698170800398,8.808437987602598e-06,0.00010709222,5.0170094875148796e-05,0.0008933405640471758,0.18910895430531044
130,nHAvin,0.9999999999999996,4.987524332163548,0.009500033503670569,0.8020249381455851,4.854676581247488e-07,0.0,2.6446982853631053e-05,0.00027834570583596405,0.25209562381878264
131,nHother,0.9999999999999999,362.0660661870375,0.17953121475178957,0.8012730720130009,1.6733297696540352e-05,0.005258669,8.333273097237881e-05,0.001169859495822218,0.03126153183217812
132,nsCH3,1.0,6.966439677263081,0.008892932432807754,0.8021831240638367,6.9766032493853e-05,0.002467848,7.462610000600226e-05,0.0004737756332157424,0.11571587273321446
133,ndCH2,1.0000000000000004,12.882826020832372,0.013732632846415127,0.8012131960750362,0.0,0.0,7.091283955018725e-07,2.9109299290592305e-05,0.038843629392868985
134,nssCH2,1.0000000000000002,168.5381054605628,0.10147798946159536,0.8013845264264161,6.425073657402093e-06,0.00030330304,0.0003183965488560814,0.0008100753009178249,0.5870784874111312
135,ntCH,0.9999999999999993,0.03770086356264096,0.0,0.7996141771384305,0.0,0.0,3.094838307069349e-06,1.069007131038706e-05,0.009055298544048835
136,ndsCH,1.0000000000000002,2.0083354320998894,0.06558927582112228,0.8020155777510181,1.3070538009855991e-07,0.0,1.24661662531903e-05,0.00042235253067192613,0.04409836017055115
137,naaCH,1.0,387.870487015682,0.18451385693558242,0.8012482967654683,4.405572221929106e-09,0.0,0.00010673591382085785,0.0012006341359656163,0.031466601101587194
138,nsssCH,1.0000000000000002,85.12959656600025,0.11554105847183571,0.8014680847444664,7.350100449208335e-06,0.0,0.00018435658880396722,0.001374612309049792,0.377571459181236
139,ntsC,1.0,10.648861836118272,0.009609109601208976,0.8016587627212899,0.0,0.0,9.522503700409424e-06,4.2477827319397065e-05,0.20038520378843483
140,ndssC,0.9999999999999999,47.80930258308556,0.12973211753626002,0.8020351484839339,0.012482635689084193,0.013285414,0.006503976214419041,0.006796738825697206,0.3385982037267971
141,naasC,1.0,268.7003109207988,0.1355694004223622,0.8013781839614069,0.0005710374247468456,0.00075247424,0.00037316428850522524,0.0016506134788972244,0.24716252061423055
142,naaaC,1.0,2.6228612022712703,0.027647993126990622,0.8021810437033313,7.049862719062487e-08,0.0,3.2145591544123274e-05,0.000358104015254895,0.3086626914676608
143,nssssC,0.9999999999999997,5.128626158195004,0.029684834054112486,0.8022240438133897,0.0,0.0,4.6013028858513054e-05,0.0005672385687532667,0.6373536281604341
144,nsNH2,0.9999999999999996,3.161869378256926,0.021519350556807648,0.8003102892155034,0.0,0.0,3.8702121040578657e-07,3.3623100906063825e-05,0.17589890488615154
145,ndNH,0.9999999999999994,1.4506540035129822,0.0044635244057665835,0.8005715180134984,0.0,0.0,3.454355915850204e-08,1.797530047665885e-06,0.025071752508798877
146,nssNH,0.9999999999999999,42.684675109533245,0.08418549110179785,0.800944421672604,1.7584562286185249e-06,0.0,8.66418883041484e-06,0.00019352993104337207,0.13070053336224755
147,naaNH,0.9999999999999999,1.980783254315757,0.005484066425295309,0.8021526381559747,0.0,0.0,1.9606673635436715e-06,0.001940515477983785,0.11402462454452782
148,ntN,0.9999999999999999,13.67648770481102,0.011917669383634477,0.8016654472713213,0.0,0.0,9.02099140768807e-06,4.614449877978823e-05,0.08715201759177332
149,ndsN,1.0000000000000002,123.43915244284356,0.04582086769629656,0.8022753427830989,0.0,0.0,1.6172577205507183e-05,0.0004315364933251096,0.4671878218629028
150,naaN,1.0000000000000004,237.5747262287673,0.09286588188949696,0.8026662534118179,3.466450328423342e-05,0.0056431484,5.31519050857594e-05,0.0010486048295971385,0.7116497341969007
151,nsssN,1.0000000000000004,124.30862579768187,0.1151711353570728,0.8016336241563728,1.0854550396642374e-05,0.00014015088,7.323838331254104e-05,0.0007700085539511508,0.4348510327616737
152,naasN,1.0000000000000002,3.3442763597527403,0.017479859445117762,0.8021832284834166,0.0,0.0,1.628968606908986e-05,0.0002561167028378624,0.4456214756991551
153,nssssNp,1.0,0.08459803743604379,0.0036763971423283692,0.8006011144843271,0.0,0.0,0.0,0.0,0.042819118298363
154,nsOH,1.0,271.1316034825236,0.20609991096216795,0.8013829793699782,5.326615920354386e-06,0.0,8.916448600754351e-05,0.006577811839281506,0.18798790997388895
155,ndO,1.0000000000000002,144.97675641375622,0.11833283517184467,0.8020913899515205,3.095484271796452e-05,0.0,4.1555816879888146e-05,0.0010965630469166048,0.3286824607335591
156,nssO,1.0000000000000002,83.05311825640598,0.10164234941667516,0.8017143574366828,2.8854941816810008e-08,7.759685e-05,5.587648347287178e-05,0.0019268514264299723,1.0431566304018773
157,naaO,1.0000000000000002,168.90884926148453,0.04826708845174843,0.8026725329519901,1.7048527754576732e-06,0.0,3.117615563819902e-06,0.0007221441787634362,1.0630386387766786
158,nsOm,0.9999999999999999,7.5197472159685645,0.005915917192047648,0.7996240279583793,0.0,0.0,4.931915064425902e-09,2.5563097499986707e-05,0.12788432641938827
159,nsF,1.0000000000000002,15.061545102823342,0.024830769588322088,0.8017388592763842,1.2108005730669982e-07,0.0,1.7386321160880136e-05,0.0002380552378572093,0.2875914355745506
160,ndsssP,1.0000000000000002,2.550639666161534,0.0,0.8002185926300011,0.0,0.0,0.0,9.950787321937706e-09,0.08009630318682093
161,nsSH,0.9999999999999998,1.0394256029827122,0.00036582636890247766,0.8005714861766757,0.0,0.0,0.0,0.0,0.04547358759170923
162,ndS,1.0000000000000002,8.35358046962791,0.004342998142824461,0.8002156070211256,0.0,0.0,1.993648625259118e-06,0.0014770303299654986,0.2360800424223539
163,nssS,1.0000000000000002,23.739778725067566,0.07810653060454054,0.8014985807923581,4.8888455574923e-08,0.0,0.00016643055250081047,0.0011123533579090726,0.04686099278717046
164,naaS,1.0000000000000002,4.6169362696026885,0.05361380419315709,0.8017002455336392,2.3577861263686084e-09,0.0,8.138199816895842e-06,0.00018806713198473,0.08553034815837568
165,ndssS,0.9999999999999998,1.322189859763903,0.0014936464781628578,0.800619338986398,0.0,0.0,9.033849682010919e-11,0.0,0.11266877969809408
166,nddssS,0.9999999999999998,5.737716649295781,0.004651550700575768,0.8023118475461056,3.5368661867339675e-06,0.0,8.29406497001825e-06,0.00011020921773570688,0.4108905009053977
167,nsCl,1.0,7.397023265052931,0.010403156405716762,0.8015798200213826,0.0,0.0,1.9827683528942114e-05,0.00010602093017883667,0.06390584245236337
168,nsBr,1.0,17.024278540975516,0.004007543556028281,0.8018719496774956,0.0,0.0,9.058410047590379e-06,9.130896518641683e-05,0.4125527967012715
169,nsI,1.0,3.8641813621843557,0.0010038424413401081,0.7999277360656181,0.0,0.0,2.2183807553439027e-07,9.330412687222105e-10,0.12457140641091749
170,SHBd,0.9999999999999998,28.191426301572807,0.27103049291719605,0.8008897361054558,0.004346956687635694,0.0005166329,0.0020503516902195405,0.0012617804597280088,0.09585506645142004
171,SwHBd,1.0000000000000002,7.948867783082784,0.010847665352871294,0.8002708731499496,0.0,5.7549078e-05,2.6849796187024757e-05,0.0001811732346661994,0.18712507184693197
172,SHBa,1.0,5.883700506376314,0.1947551901754796,0.8013318977965093,0.0011680965843090603,0.00048081705,0.0014904907339968298,0.0007011476138238456,0.29698796857432924
173,SwHBa,1.0,430.177113960703,0.23612207060346702,0.8012019718069852,0.0016791196380528083,0.00030495497,0.002032048235267086,0.002222606105619085,0.6814653369205994
174,SHBint2,0.9999999999999998,12.77618660639421,0.11896159158738318,0.800768825995449,6.112356651875451e-07,0.0023563032,0.0005895901169664488,0.0006322191572665385,0.08679234018902574
175,SHBint3,1.0,6.992174631113188,0.11577732811511243,0.8008900269764828,0.0007144803241454363,0.0018647127,0.0003975978105962677,0.0005956807393362154,0.07150524691508241
176,SHBint4,1.0,70.24639790058394,0.20248283002341516,0.8021919528658884,0.0014631189834522285,0.00023064412,0.0009075859403619126,0.0015666500990635392,0.06377883805292081
177,SHBint5,0.9999999999999998,0.06571411614263728,0.18007313591178908,0.8009703885184585,0.00038787653539195787,0.00044286606,0.0015274790974318516,0.0028709709922572265,0.04999668820349981
178,SHBint6,0.9999999999999999,25.194965961514477,0.22948829094271206,0.8008763479783655,8.295100641987892e-05,0.0031243865,0.0024867304952024575,0.004958675081912131,0.16529308527046496
179,SHBint7,0.9999999999999999,0.8393825248417274,0.12300359082368972,0.801525264510141,0.005353026523165322,0.0005349164,0.0009693033544082097,0.0015137913185576776,0.013900387407916614
180,SHBint8,0.9999999999999999,0.023922472011410872,0.0700746619440702,0.8006409964464118,1.7252035561346812e-05,0.004106928,0.0012650058183222715,0.0005326016412428827,0.054985955153663627
181,SHBint9,1.0000000000000002,0.0794906921582634,0.07672511057835996,0.8009501600448069,0.0003322202265685442,0.0012381547,0.0004904021185200167,0.0010430602178566801,0.07274181487168187
182,SHBint10,1.0,84.78124698119328,0.255687466587899,0.8011301032494573,0.017809869071487273,0.004374517,0.007839923556952188,0.003341292775579081,0.21375441046329008
183,SHsOH,1.0000000000000002,216.71228169902247,0.33808103222881236,0.801452961309656,0.007131175750185078,0.0018478748,0.010936504958892892,0.011636427810414336,0.6576116076716815
184,SHdNH,0.9999999999999997,1.743302501408031,0.0036370252585138374,0.8004161374432753,0.0,0.0,5.565247679079118e-09,9.61124832634772e-07,0.11912706820255614
185,SHsSH,0.9999999999999994,1.0394256029827125,0.0,0.8005714861766757,0.0,0.0,0.0,0.0,0.011047009507937074
186,SHsNH2,1.0000000000000002,3.5749109258775293,0.01620443511556724,0.8003420589460903,0.0,0.0,3.1169984023906727e-06,4.967529732880399e-05,0.17774686178248025
187,SHssNH,1.0000000000000002,86.733895403364,0.1253512587488279,0.801452593455305,1.9880940862982862e-07,7.327775e-05,9.564307934058227e-05,0.0005622355017932967,0.020591488374312857
188,SHaaNH,0.9999999999999999,4.906429016984632,0.026107692944870697,0.8021937819029155,1.3952067985256528e-05,0.00046463162,0.0019381772050379236,0.0010265966441516798,0.2573131547137471
189,SHtCH,1.0000000000000004,0.040985311146215425,0.0,0.7996883724342474,0.0,0.0016994211,1.6201085666477844e-05,3.012800429262526e-06,0.21612863157376822
190,SHdCH2,1.0000000000000002,11.640017073669329,0.013216716847500365,0.8008606893776395,0.00029205521720367155,0.00037697906,1.4259503896781372e-05,2.7865027255790197e-05,0.3618568439150457
191,SHdsCH,0.9999999999999999,0.4133320070998935,0.07253551633701139,0.801914041711102,0.006348547123354654,0.0004085882,0.000894046596147534,0.0008447132337269081,0.3924845550115664
192,SHaaCH,1.0000000000000002,274.92853485120156,0.22820198414319037,0.8013692334226632,0.0018559546739851346,0.0012187313,0.0012850147169696285,0.0006695282287082028,0.5007756586484218
193,SHCHnX,0.9999999999999998,6.81618553168022,0.01107299417449581,0.8003376062638577,1.422597575169126e-06,0.0,2.294589783800507e-05,8.803560090001399e-05,0.14967466324278955
194,SHCsats,0.9999999999999998,158.50662388726116,0.15720893230886412,0.8009628852392354,0.0030945556470690664,0.0017761152,0.002473552452729603,0.0008184477375674979,0.4556277062859294
195,SHCsatu,1.0,1.3842333064337917,0.1137977464166755,0.8010407584175685,7.911150492297685e-07,0.00094805355,0.0014738076832341322,0.001169000034644173,0.3500562929359973
196,SHAvin,1.0,3.4551675227822085,0.021798872304904737,0.8020006161555236,0.0,7.914288e-05,0.00020522013777903383,0.0004148266034170645,0.034592732304416215
197,SHother,1.0,246.7804705123851,0.2115159900519341,0.8014040773727726,0.00024038158383730873,0.00083790213,0.001329607386180165,0.0009286106882142642,0.09437504751211503
198,SsCH3,1.0000000000000002,1.2051979369001873,0.06542067752676761,0.8021592458697133,0.0007447707397832394,0.00031483115,0.0010066425011594372,0.0008649225824793916,0.6783037652914815
199,SdCH2,1.0000000000000004,13.135494605753925,0.013033229545885483,0.8011196056389317,4.277280026208426e-08,0.00018993566,2.1122215321335378e-06,3.5131352374203234e-05,0.18989279874920525
200,SssCH2,0.9999999999999999,231.19536020845015,0.14553746767311004,0.801360324832536,0.0005071911404392645,0.00015066846,0.0009314350040417341,0.0012248990204484142,0.26395416319825005
201,StCH,1.0000000000000004,0.036127126313183336,0.0,0.7996168047460576,0.0,0.0,1.6938730696609494e-05,7.781344941037895e-06,0.044251745259851746
202,SdsCH,1.0,8.152125698507625,0.06619722831490016,0.8021274975351912,0.0009093903318229718,0.0009666579,0.000664469182983517,0.0004989343618596373,0.1766196224642024
203,SaaCH,1.0,419.5124688580541,0.2730780008885434,0.8012192156395287,0.0004208353650446786,0.0015042583,0.0030820200470626402,0.001954846407081087,0.26378110864464976
204,SsssCH,1.0,9.860408363409736,0.1294873761554327,0.8018207657544415,0.00036345306705337513,0.0009311517,0.0006575177098839968,0.0008969089909463614,0.0787623080012839
205,StsC,0.9999999999999998,8.500139138436241,0.01851554837775038,0.8013155119259193,1.3709694687794732e-08,0.00030482915,2.658933133751957e-05,4.6226519951197455e-05,0.13635639318902099
206,SdssC,0.9999999999999998,21.406370194602005,0.20177599421498416,0.8016697787706457,0.00025443009600997985,0.0034919481,0.003478307528182974,0.0027818389706418,0.35671267573726734
207,SaasC,1.0,276.7106335728421,0.20487925705552712,0.8013556454948533,0.00230511679152488,0.0008924751,0.0020404933810939303,0.001498312979041834,0.13225400672641313
208,SaaaC,0.9999999999999999,0.03317889261620272,0.09153085224429569,0.8021090792923578,0.0015357460393293145,0.00038415345,0.0003892229932305303,0.0007668278049691366,0.19424373501194941
209,SssssC,1.0000000000000002,0.5014123827853296,0.06461857701399687,0.8020252340662283,0.00015243066405769845,0.00023855764,0.0003122450269281079,0.000503090994188815,0.17427621844775842
210,SsNH2,1.0000000000000002,3.484009673307229,0.016286320523175135,0.8003433403343945,3.0251556446986e-06,0.0,5.882870235632988e-06,5.338705640835377e-05,0.3883352131368599
211,SdNH,1.0,1.4237688168930664,0.005267069028781157,0.8005939940457297,0.0,0.0,4.389838052328486e-07,1.6653838094798194e-06,0.22613695447968787
212,SssNH,1.0000000000000002,45.539797447081405,0.11452204284321121,0.8010540316610484,8.694197325856527e-06,0.00033888206,0.0002651319804668575,0.0002833137763433052,0.17630198929168317
213,SaaNH,1.0,1.1808200916318552,0.02026617988907331,0.8021132473176308,0.0,0.0010551808,5.7109536513713297e-05,0.0004288139782635781,0.3658410986052951
214,StN,1.0,13.767117205505278,0.019273877535331607,0.8016851827842726,0.0,0.0,1.3406459992966913e-05,3.340285035425838e-05,0.19684242225747928
215,SdsN,0.9999999999999997,128.5135051962082,0.056835929713495936,0.8022951376301882,2.5126568988093745e-06,0.030751836,0.0007273865632182855,0.0014096037905811285,0.28551677678283177
216,SaaN,1.0,238.8025746684253,0.12850801929216926,0.8026754481150811,0.0003027954632274475,0.0043927073,0.000393440276208789,0.0007846509834098704,0.32969356838383335
217,SsssN,1.0,229.79758769070847,0.19260986252522727,0.8014519667026708,0.0013946475135157201,0.0006047024,0.000987226231459993,0.0022037472815246858,0.09784554643993795
218,SaasN,0.9999999999999998,1.3927572368673902,0.02534906810217863,0.8021339967802584,2.0127958537874185e-05,0.00031686755,2.7092406852970392e-05,0.00015295987398067303,0.6082804493908048
219,SssssNp,1.0,0.08459803743604379,0.0022914404260788723,0.8006011144843271,0.0,0.0,0.0,1.427584923598936e-07,0.07631911012814381
220,SsOH,1.0,279.1201944959476,0.37195344705255406,0.8013695807770411,0.009579463819648143,0.003913292,0.004439883598765449,0.0022829670501388587,0.5849977285875622
221,SdO,1.0,131.24547841059862,0.14101388235897794,0.8019236087379894,9.7775472749008e-05,0.0004653902,0.0007296011093252376,0.001020522769160875,0.5695214046142872
222,SssO,0.9999999999999998,124.32612052495097,0.29532638844691395,0.801615924606875,0.0001360471681289211,0.0014114613,0.0008952748593596205,0.003323419274441781,0.04163259307109417
223,SaaO,1.0,166.98741919938414,0.0732786654014157,0.8026954159365857,5.8711245124860847e-05,0.00045751815,0.0001548685308920977,0.0005678204188077009,1.3655618998316918
224,SsOm,1.0000000000000004,7.6347614124040915,0.00423647136110783,0.7996004786418001,0.0,0.0,8.188960454327325e-08,7.04729900068209e-05,0.049937106803120045
225,SsF,1.0000000000000002,16.717831222339708,0.04578922198920843,0.8017315793927211,0.0019357484740343614,0.00021441783,0.00017734030817232387,0.0007202123864522818,0.890744038261395
226,SdsssP,0.9999999999999997,2.550887205574718,0.0,0.8016933664727418,0.0,0.0,0.0,0.0,0.011154559743896168
227,SsSH,1.0000000000000004,1.0394256029827125,0.0,0.8005714861766757,0.0,0.0,3.1298345556988277e-09,1.9385122105808272e-08,0.0009193929956914373
228,SdS,0.9999999999999998,6.850551874843186,0.00867604095705321,0.800361362918233,0.0,0.0023424502,0.00028246705577196615,0.0005158638905257426,0.18534189221264602
229,SssS,1.0000000000000002,27.32007193926979,0.1125715621957053,0.8022210765569793,0.0,0.000111471854,6.502450344546473e-05,0.0012405807655554441,0.23437813159284165
230,SaaS,1.0,0.07554469669784929,0.061776206497569985,0.8020001148764563,2.415856417157713e-06,0.0,2.8620258053959234e-05,0.0010706744590574472,0.21855985305715037
231,SdssS,0.9999999999999994,1.3221898597639032,0.0,0.8016749894426752,0.0,0.0,1.789759621144582e-06,2.6902335685726348e-05,0.06971619706121687
232,SddssS,1.0,5.206111874045668,0.02854750511012094,0.8019254695398446,4.086545304734231e-06,0.0,0.0001275243921827578,0.00010653317767033042,0.5230929635581939
233,SsCl,1.0000000000000002,6.5809792155918325,0.014673471865033427,0.8013949462425882,7.4293271483283896e-06,0.000823822,2.476890398137438e-05,0.00016084181629016353,0.054041357900785174
234,SsBr,1.0000000000000004,8.256452974711136,0.01187092335650708,0.8009345332300158,0.0,0.0008544614,6.078795541415335e-05,0.00011071952768284856,0.027130270186535334
235,SsI,1.0000000000000002,3.959302811777809,0.0,0.8017282579627956,0.0,0.0,0.0,1.0075616032034826e-06,0.12976311087255407
236,minHBd,0.9999999999999998,50.344404573218355,0.22703631954820302,0.8017493013007165,0.00024815639428455767,0.00034215103,0.0019386696027444985,0.001787099692633545,0.14849656043167986
237,minwHBd,0.9999999999999998,5.84486590398497,0.008599175137681048,0.8002617900454448,0.0,0.0,1.3305573004804708e-05,0.00011675571874119483,0.055535561528423295
238,minHBa,0.9999999999999998,24.75180555480804,0.2998130295735386,0.8022921597621594,0.02046256149884697,0.00045309737,0.005973413250159159,0.004521918678856708,0.005783391459415793
239,minwHBa,0.9999999999999999,16.04595885854346,0.28085512514699573,0.8019058521481864,0.0003806596602067042,0.0009616553,0.0008658530038840262,0.001126057597733789,0.07964626173682433
240,minHBint2,1.0000000000000004,0.9462392860165482,0.1193201600599958,0.8021866825751897,6.90772557860926e-05,0.00041430542,0.0004532422967024348,0.0005286807030882577,0.23575174682022126
241,minHBint3,1.0000000000000004,1.326967242766336,0.13591080225696062,0.8022099851806856,1.408520204291007e-06,0.0056989817,0.00031829652000502426,0.0006666844601064745,0.04721287205586752
242,minHBint4,1.0000000000000002,34.931455865991246,0.2186585487479853,0.8023777902508954,0.0001945172535491811,0.004142592,0.0013656291551377034,0.0025508451834518,0.060493858692056784
243,minHBint5,0.9999999999999999,22.055765942581925,0.21063091465426131,0.801882831833281,3.0405985462569323e-05,0.013812134,0.012257116567547667,0.01416117888368697,0.014486767190834804
244,minHBint6,1.0,25.27498075901585,0.22971266339137753,0.802367676540614,0.00025715233383035834,0.0010190279,0.0029842521950273703,0.003317735387100971,0.06933817463529848
245,minHBint7,1.0,40.01019799568897,0.1319192879375204,0.8018581962506885,0.0002260979215761421,0.00037444418,0.0022650210679767456,0.0028435572024817905,0.04293793773984339
246,minHBint8,1.0,2.3161277268892384,0.09820391386155114,0.8020390674083488,9.469535285768409e-05,0.0002281584,0.00167886440398217,0.001720852627583242,0.05721498216927006
247,minHBint9,1.0000000000000002,9.897281478249594,0.07372230833574367,0.8019798262212678,7.804904200312045e-06,0.0016258346,0.0007402626779821886,0.0014548060141203758,0.08483174217588425
248,minHBint10,0.9999999999999999,225.86075522661315,0.23051276886994598,0.8014234777685229,0.0015469085652399528,0.0010190216,0.005187632681758016,0.005787061500704472,0.14200380309808774
249,minHsOH,0.9999999999999998,373.677317983449,0.3224386521414506,0.8012579268035989,0.000711231495406347,0.03829864,0.019902698678073504,0.02090115430972936,0.825448504063867
250,minHdNH,1.0000000000000004,7.319956184341776,0.0,0.7992568661738038,0.0,0.0,1.908119411216455e-08,1.0066584943682599e-06,0.03276302791330131
251,minHsSH,0.9999999999999994,1.0394256029827111,0.0021311633246693384,0.8005714861766757,0.0,0.0,0.0,0.0,0.02625558309622143
252,minHsNH2,0.9999999999999997,25.682631143942388,0.010554329036405852,0.8004963943508174,0.0,0.0,2.0048274994977966e-05,6.17751329018531e-05,0.09145838931331432
253,minHssNH,1.0000000000000002,229.04819018544444,0.12510280017759023,0.8029261741592141,0.0001400092551712414,0.0046064584,0.0010889123006385146,0.0002637532812132188,0.3157629705083638
254,minHaaNH,0.9999999999999998,5.152955684385511,0.020921003721340314,0.8022764339883077,3.061077269925614e-07,0.00013452373,0.00016496938358410258,0.0014003046613265944,0.17469698040304305
255,minHtCH,1.0000000000000004,0.040985311146215425,0.0,0.7996883724342474,0.0,0.0,4.5977898797379246e-05,3.9205355751566045e-05,0.06693926166164271
256,minHdCH2,1.0000000000000002,11.640017073669329,0.012113844655165185,0.8008606893776395,0.0,0.0,7.270783307951446e-05,8.881604737828088e-05,0.2124240746213976
257,minHdsCH,1.0000000000000002,13.589367897431657,0.049150509633592465,0.8023216815341672,5.0089787636166217e-05,0.00037863568,0.000318878335167273,0.0005391872074167577,0.4112503954372749
258,minHaaCH,1.0,1.8579621457412057,0.11533341864163438,0.8021489592369401,0.002508641240052732,0.0008356364,0.0008604481252563543,0.0010075401346389776,0.1373896499715657
259,minHCHnX,1.0,4.829330238972964,0.007628940378659355,0.8003389256242072,0.0,0.0,1.3348971971068154e-05,0.0002366312110563316,0.10154983390452697
260,minHCsats,1.0,30.668589131595997,0.14873829093347002,0.8018705951917694,0.00043415882966166226,0.0016880422,0.0017401460297774,0.0009827108163399877,0.09968840024371735
261,minHCsatu,1.0000000000000002,16.675654474914985,0.11076222536520586,0.8023195257365896,0.00014280962879156022,0.007088471,0.0014283350232958453,0.0010183438196511155,0.1509132859550331
262,minHAvin,1.0000000000000002,4.166179962888819,0.024686646107552557,0.8020310923100934,0.0001532364629488874,6.842975e-05,0.00042119207223905624,0.0005123726757109807,0.10521492423885656
263,minHother,1.0,11.63257077194747,0.10853302512929996,0.8022606647694636,0.0007246987649566332,0.0004695464,0.0013951595197496244,0.0015033128317329656,0.0893757187154176
264,minsCH3,0.9999999999999999,1.555461616635739,0.09635613493538653,0.8021338745732307,0.0002600007959403307,0.00039811773,0.0010860147831657757,0.0008503076406954872,0.3009082758407719
265,mindCH2,1.0000000000000004,13.135494605753925,0.015867120576591454,0.8011196056389317,0.0,0.0,1.4746831757004758e-07,2.4947108334357256e-05,0.04289834709780875
266,minssCH2,1.0,106.56423939619822,0.19082657796501357,0.8016123131572055,0.0017556616173328688,0.0012669875,0.002580128752640798,0.0015532780911560072,0.03503311906592666
267,mintCH,1.0000000000000004,0.036127126313183336,0.0,0.7996168047460576,0.0,0.0,3.2592996186661055e-07,1.3224934179738517e-05,0.006415559553419441
268,mindsCH,1.0000000000000002,29.849598198178146,0.04080969530730805,0.802411186845542,4.761319759987394e-05,0.00064599526,0.0015996822047302385,0.0009197722578478019,0.08504041929146061
269,minaaCH,0.9999999999999998,23.668464081798163,0.1999297692433588,0.8018573543543012,0.00019164907791751219,0.0018104113,0.0012613557362432172,0.0008534606277532008,0.22818885829783422
270,minsssCH,1.0,2.7548774700847165,0.19334607666948056,0.8020981131073823,0.0010656181276454985,0.0015136709,0.0017196268757848348,0.0010928637266372837,0.03123226933163878
271,mintsC,0.9999999999999999,8.540590475261013,0.014901492401208083,0.8023040610660711,0.0,0.00026488744,7.198247850525322e-06,8.55755263819725e-05,0.16278966549750587
272,mindssC,0.9999999999999997,56.311621977083355,0.26267402339166335,0.8017377049338154,0.0025573795047071682,0.0032294611,0.0044320901763277324,0.0028563902282242697,0.015977147237486205
273,minaasC,1.0,17.01805286178041,0.2727525381597582,0.8023074075319241,0.0016825675615239988,0.00020844945,0.001624869002941699,0.0012207720202592376,0.010812447422909707
274,minaaaC,0.9999999999999998,0.002017061565716937,0.08765940928751448,0.802083523044369,4.418070071341966e-05,0.0001954961,0.0002862697528581477,0.000547215432560595,0.07615615443669246
275,minssssC,1.0000000000000002,0.8133312132611347,0.0780161516652147,0.8020407101056733,5.2168616135517085e-06,0.0,0.00015629966155216043,0.0004706806936928805,0.15466635909783635
276,minsNH2,0.9999999999999998,24.109803717510555,0.015567590524861563,0.8007224493960806,5.68673674197133e-07,6.398092e-05,2.934996442577417e-05,4.352318223291646e-05,0.020101331248678245
277,mindNH,1.0000000000000002,6.559794152388803,0.0,0.7992148904576016,0.0,0.0,7.587154789619591e-09,4.250585387559451e-09,0.03821941039248567
278,minssNH,1.0000000000000004,134.56287051884462,0.10799597902841729,0.8027266481091717,0.00011175613013485643,0.0002746352,0.0007858032982308452,0.00030966786533494065,0.267536606155009
279,minaaNH,0.9999999999999999,1.300197268703563,0.02988770180288647,0.8022208778069637,0.0,0.00021148744,6.024165883312497e-05,0.001477516881862751,0.24202579283878306
280,mintN,0.9999999999999991,11.961786243519356,0.018336322259651983,0.8021727167576898,7.135876310095081e-06,0.0,3.662523474238891e-05,3.5768575689635706e-05,0.032446402202603634
281,mindsN,1.0000000000000002,133.350569726578,0.05388183992035489,0.8028316181027289,0.0,9.3145034e-05,0.0007785287213655645,0.003548759031600694,0.16672912411859334
282,minaaN,1.0,225.31943051195898,0.09117722703938802,0.8028226878090128,0.00016534504566491451,0.00017748751,0.0004402941636297864,0.0013685102732434275,0.17291944740350385
283,minsssN,0.9999999999999998,449.09920943954995,0.1782395346718686,0.8011936210361686,0.006727821354576333,0.002233157,0.04411740622519619,0.05662733142635006,0.2379213940423963
284,minaasN,0.9999999999999998,1.3078918427408415,0.031208196988315562,0.8022027835515345,5.76959744751511e-10,4.9316826e-05,6.625539527738474e-05,0.00023253255901965406,0.2444495717535686
285,minssssNp,1.0,0.08459803743604379,0.0,0.8006011144843271,0.0,0.0,0.0,4.824546492009078e-07,0.0008201079240814887
286,minsOH,0.9999999999999999,547.4022174841799,0.2863665368524293,0.8011155592497423,0.09172398273360323,0.02926069,0.01624356457279362,0.029751164948691008,0.6834712636061167
287,mindO,0.9999999999999999,249.74347524649613,0.13023766831125805,0.8027988884755681,0.0016156804207874175,0.00491999,0.002617413686480493,0.0047009709510064755,0.7202889609572533
288,minssO,0.9999999999999998,92.04345858849885,0.24854629546750884,0.8016676105617393,0.0007419023213273272,0.02242881,0.001815408339468413,0.0065583443496505965,0.16338587785885708
289,minaaO,0.9999999999999999,164.63470310868593,0.0657575015148717,0.8027915635638362,0.0,0.0013149722,0.00027247961884330045,0.0004554340967838013,0.07967225172725688
290,minsOm,0.9999999999999996,5.374891844942372,0.005136566970001422,0.7993303214810881,0.0,0.0,1.1482231189983232e-05,1.5173109278317444e-05,0.11399634248479504
291,minsF,1.0,24.47009067363031,0.050665833660581194,0.8018687448176034,0.0,0.00096048473,0.0008683949503730695,0.0006561578010523902,0.24634888882150283
292,mindsssP,0.9999999999999997,2.550887205574718,0.00018259605754911146,0.8016933664727418,0.0,0.0,2.7460464797208037e-11,3.550902169409404e-09,0.11681560586597449
293,minsSH,1.0000000000000004,1.0394256029827125,0.0013691178747023969,0.8005714861766757,0.0,0.0,0.0,0.0,0.021203833337222523
294,mindS,0.9999999999999998,6.850551874843186,0.011016269067368079,0.800361362918233,0.0,0.0,0.0006218920774443736,0.00039119990956351886,0.02142165096099914
295,minssS,0.9999999999999998,35.598773495906606,0.11530269234541679,0.8022536399352077,1.0090552824667324e-07,0.0,0.00010462211803889608,0.0011563524715137092,0.11573046652395927
296,minaaS,0.9999999999999998,0.9547647155143293,0.05542531275668794,0.8020461748161435,7.177620964929213e-06,0.00073759997,0.0003387342995491971,0.0008149521569088701,0.25227225961209493
297,mindssS,0.9999999999999994,1.3221898597639032,0.002835720749527426,0.8016749894426752,0.0,0.0,0.0,0.0,0.02121377254382193
298,minddssS,1.0,5.206111874045668,0.020709212538601918,0.8019254695398446,0.0,0.0,1.7756162989427884e-05,0.00015952010633802562,0.0642608793039454
299,minsCl,1.0000000000000002,4.594213388225962,0.00867299349594064,0.8022892171799915,3.637831821203608e-07,0.00023397862,0.00011804520523664295,0.00018937037050211001,0.4231305335621183
300,minsBr,0.9999999999999999,7.329814162695685,0.02014223806063309,0.8009675578282163,3.109989984073266e-06,0.0011195033,4.145976582054411e-05,0.00014577551577154148,0.04634725135744462
301,minsI,1.0000000000000002,3.1770539551597707,0.0,0.8017408140864327,9.981591965998726e-07,0.0,6.766690715717747e-07,1.5736258614200627e-06,0.12879961673966528
302,maxHBd,0.9999999999999996,107.51950498316559,0.25804248793322015,0.8016015340273198,0.0133284391038723,0.0036178303,0.0028702264629654143,0.0016785832581716021,0.10988694436288837
303,maxwHBd,1.0,7.023208741148346,0.009336904686225944,0.8002971555244724,0.0,0.0,3.8843131800895685e-05,0.00014591951518244388,0.03282422226836776
304,maxHBa,0.9999999999999998,2.4906263936391393,0.27080155256174754,0.8021533231762515,2.803225927742908e-05,0.0026849797,0.002411881864630346,0.0020396218901541988,0.14639292302003187
305,maxwHBa,1.0000000000000002,2.450158021601105,0.13096833994544443,0.8014560772883371,0.0010968922011294724,0.00049539056,0.0012337482290974639,0.0009629301870934382,0.13903416918714337
306,maxHBint2,1.0000000000000004,22.552457388963628,0.11093149395380708,0.8023755572353672,0.0,0.00034622545,0.00020549919096844916,0.0013330140385453381,0.3594854296233963
307,maxHBint3,1.0,11.042720181340872,0.09972178434864709,0.8023193192558644,0.0,0.00016891609,0.0005627272002054792,0.0009733459951604142,0.11991089950201327
308,maxHBint4,0.9999999999999996,62.668399519568304,0.10913571081112305,0.8025289746557989,0.0005872902632287836,0.0029592037,0.0003346308793766314,0.0016764945065832865,0.09149065528304928
309,maxHBint5,1.0,3.1295990048740783,0.19890563517598903,0.8020741724902203,0.0037275802864603354,0.003771218,0.004512299069951014,0.009449084447568255,0.05288091035818915
310,maxHBint6,1.0,52.670149398016484,0.14322671934620246,0.8024926266464505,0.0010418187833670075,6.5660555e-05,0.0009038279651028021,0.002778748507951952,0.23783387245822366
311,maxHBint7,1.0000000000000002,15.253330344919812,0.13375675516106744,0.8019663346858844,0.00033417326252296485,0.0011172285,0.0012497383112719824,0.002515118747699708,0.04593556280964964
312,maxHBint8,0.9999999999999999,0.45012134398262726,0.07441500018024572,0.8020805753471695,0.0042818187874487,0.009356468,0.004075100707040181,0.0022813621735269757,0.003136052502451242
313,maxHBint9,1.0,2.5510767763589937,0.06679194598834792,0.8020563707716398,5.93698340379332e-06,0.0004308426,0.0005137814908767137,0.0009653526564816675,0.09650372840147763
314,maxHBint10,1.0,192.5778742343291,0.2484535943377364,0.8014668247634065,0.00035325616872527104,0.0027613307,0.0026350997213295496,0.0033571484235994462,0.0987381627573778
315,maxHsOH,0.9999999999999999,395.5895573016718,0.34687404016113144,0.8012345583452496,0.0016978472949573011,0.0035118903,0.0337959159317647,0.0611662958818448,0.563287710156568
316,maxHdNH,1.0000000000000009,6.838084179254872,0.0022534821384552206,0.7992417378008831,0.0,0.0,4.684759645148129e-09,3.703874169926457e-07,0.1943065247676075
317,maxHsSH,0.9999999999999994,1.0394256029827125,0.0,0.8005714861766757,0.0,0.0,0.0,0.0,0.0308750763973033
318,maxHsNH2,1.0000000000000007,23.011434911248394,0.011675186546760807,0.8007815505347968,0.0,0.0,1.9638837539586522e-07,7.226135767997505e-05,0.26722898417686514
319,maxHssNH,0.9999999999999998,226.3176018315765,0.1250794804661044,0.802919154552481,0.0008331997795150705,0.00045091726,7.684662396414298e-05,0.0006692640188600885,0.36649123856702465
320,maxHaaNH,0.9999999999999998,5.255856169627617,0.025408202081022457,0.8022800258680699,5.187380894452712e-07,0.0,0.00014742979440987282,0.001429983032703117,0.28863151422372896
321,maxHtCH,1.0000000000000004,0.040985311146215425,0.0022574850504724076,0.7996883724342474,0.0,0.0,2.9886889944449166e-05,2.6301841939479026e-05,0.07360484881852387
322,maxHdCH2,1.0000000000000002,11.640017073669329,0.012636753118486554,0.8008606893776395,0.0,0.0,1.7131444769437767e-05,4.4425075006512376e-05,0.03407800289753732
323,maxHdsCH,1.0000000000000002,10.244289809850061,0.032480728480929866,0.8022916815280956,7.146154268056587e-07,0.00047285028,0.000521528690923561,0.0010903127370754436,0.05946107534588855
324,maxHaaCH,0.9999999999999998,2.405752339650821,0.16166752938566775,0.8021624593204344,0.0009560880258587598,0.0007862559,0.0010429120398012463,0.0010424012578204758,0.02287327759825437
325,maxHCHnX,1.0000000000000002,5.922645704813957,0.013451618573266488,0.8003689272697521,0.0,0.0,6.806884793227282e-07,0.00015978436432691274,0.1171270793531337
326,maxHCsats,1.0000000000000002,189.03879706103666,0.24857106469148427,0.8014876826032643,8.382088832330136e-05,0.00043441926,0.001725547142762414,0.0013528826301163399,0.2396844554718002
327,maxHCsatu,1.0000000000000002,4.810408075546038,0.09849028321877906,0.8022220963793073,0.0,0.00023499948,0.0009407549232702733,0.0007339091983028809,0.10966352292883402
328,maxHAvin,0.9999999999999998,4.10573704937659,0.026296534855268172,0.8020318659226132,0.0,7.5010685e-05,0.0003352400776938782,0.0005208059940049761,0.2746239015230256
329,maxHother,1.0,20.200891998473605,0.16394790031572093,0.8023174783255709,0.00015558649392015687,0.0005437428,0.001757001678573892,0.0009733199823344439,0.21169162386460424
330,maxsCH3,1.0000000000000004,2.327319717606224,0.08047195739680646,0.802148734391246,0.003418495857975881,0.0001518459,0.000927418837367949,0.0007962739880325874,0.3038129862840353
331,maxdCH2,1.0000000000000004,13.135494605753925,0.01935530557812082,0.8011196056389317,0.0,0.0,3.831435135624698e-06,2.132621356495155e-05,0.13685691062923364
332,maxssCH2,1.0,271.11084858165697,0.1791724938231143,0.8013633522881137,0.0007325839281286439,0.0008431266,0.0016490763841526146,0.0012291115070046895,0.148927975696297
333,maxtCH,1.0000000000000004,0.036127126313183336,0.0,0.7996168047460576,1.6365708721523713e-08,0.0,7.3915438938166416e-06,3.100243917364441e-05,0.009118326989480539
334,maxdsCH,0.9999999999999997,17.347410133936652,0.034221638708064495,0.8023359624155888,8.022109494983871e-08,0.00052034494,0.0004452640692969912,0.0009784677030622276,0.1664462085662416
335,maxaaCH,0.9999999999999996,105.5531809668642,0.1393866812191158,0.8015888883283675,0.003133464626334172,0.0012564266,0.0011482834722987161,0.0019027318077129726,0.27183231447254486
336,maxsssCH,0.9999999999999998,155.57918135214953,0.12769473469993597,0.8015457867065734,0.0,0.005245154,0.0012970157806112964,0.0021328158491594113,0.03059939518051421
337,maxtsC,1.0,8.545167910837957,0.009781700834239127,0.802293921258031,0.00015794103413705146,0.0,2.670461511318534e-05,6.070182349275545e-05,0.05852024680174951
338,maxdssC,1.0000000000000002,3.9416023120733383,0.11386637866056093,0.8020145934874059,0.001819120410299669,0.00077766983,0.002450841452299648,0.0041749042137795836,0.17615684750228072
339,maxaasC,1.0000000000000002,95.8111928961454,0.1377928044179102,0.8016463005484723,0.0019279260293143079,0.00053626223,0.0020984201141902963,0.0033370310673688838,0.06566391105810734
340,maxaaaC,1.0,0.014942954479494777,0.05502310173274516,0.8020892720298203,0.0001451623235667277,7.573218e-05,0.0006320519732095219,0.0004941717648757709,0.01984329697838101
341,maxssssC,1.0,2.896338774847969,0.03965257740161898,0.8016170927356412,0.0,5.2642936e-05,3.997947947096665e-05,0.00017596617588622608,0.025890684738753205
342,maxsNH2,1.0000000000000002,22.86429301251651,0.012007684505533689,0.8008388125561455,0.0,0.0,3.0727815476774844e-05,3.074613739236601e-05,0.06244053408422277
343,maxdNH,0.9999999999999999,6.366240191466121,0.0036690765336945264,0.7992121084590159,0.0,0.0,1.1397556472862816e-07,1.0311813161935072e-06,0.04617068125747785
344,maxssNH,0.9999999999999999,136.3471743912491,0.10331941984214099,0.8027305326051956,1.2680634209463036e-08,0.0,9.337574189178124e-05,0.0004003378098954165,0.2976222402607705
345,maxaaNH,0.9999999999999998,1.3204182307875993,0.028435812069610433,0.8022214472921451,1.2438098718140218e-05,0.0,0.00014218136495506407,0.0016380072820694116,0.01919623126926398
346,maxtN,0.9999999999999999,11.977246483819455,0.02146167330268356,0.8021712596018998,0.00023828269141032025,0.0,3.036894378021879e-05,3.339061118091411e-05,0.03784858014601682
347,maxdsN,1.0,133.35293645101717,0.057229429587668745,0.8028329532660634,0.0,5.820902e-05,0.0008478318913613379,0.003094375375470507,0.01795907832242592
348,maxaaN,0.9999999999999999,230.72293558750448,0.08843859633223783,0.8028315911446678,3.967965515221424e-05,0.00029235275,0.0007739783226584017,0.0016359293166591518,0.34622878697104853
349,maxsssN,0.9999999999999998,424.01576427059695,0.18278911230423667,0.8012169241716862,0.00010652000717892003,0.0,0.000368883445113869,0.0268009834755683,0.19304395608857614
350,maxaasN,0.9999999999999998,1.374543968093947,0.02678203181921268,0.8022051963412637,0.0,0.00032278153,0.00013390352833342873,0.0002696630953540248,0.01836038287009427
351,maxssssNp,1.0,0.08459803743604379,0.0015520938860470457,0.8006011144843271,0.0,0.0,0.0,3.027671887719979e-08,0.020160362685491463
352,maxsOH,0.9999999999999998,548.8840074183153,0.3074927341815097,0.8011140945982921,0.00013387780606999533,0.002111761,0.002293310030819754,0.023185149629297762,0.2682126210875471
353,maxdO,1.0000000000000004,239.19725392002306,0.13080166477045152,0.8027850813890961,0.0001210793551696913,0.0017351696,0.0014699964987813243,0.003347713650071216,0.6343254831319489
354,maxssO,0.9999999999999998,104.72790299215644,0.2968266699537563,0.8016382506352169,0.05426448007036321,0.028917084,0.03670000120167141,0.004247268921985448,0.10053656311998316
355,maxaaO,1.0000000000000002,165.0741682499093,0.06717848152255224,0.8027924747840722,2.0642291593709586e-06,6.563774e-05,0.00022609984591489619,0.00025528870094478746,0.14472531626466142
356,maxsOm,0.9999999999999998,5.446803669878918,0.0,0.7993311541307093,0.0,0.0,6.949850573521037e-06,2.51637507992723e-05,0.023786846072872552
357,maxsF,1.0,25.241435976177275,0.06202688200009776,0.8018647387022965,0.00032647022536794727,0.0039227083,0.0003651799479022415,0.0007045615140831054,0.3252934232633268
358,maxsSH,1.0000000000000004,1.0394256029827125,0.0,0.8005714861766757,0.0,0.0,0.0,0.0,0.029660501954930717
359,maxdS,0.9999999999999998,6.850551874843186,0.009138241684018444,0.800361362918233,0.0,0.0,0.00032852400713139884,0.00034338443223022727,0.005208111714068228
360,maxsCl,1.0000000000000002,4.880871359057576,0.0072339870964803765,0.802292635567229,0.0,0.001261095,5.460373900328144e-05,0.00019547804767467984,0.4434577980500941
361,maxsBr,0.9999999999999998,19.027253221353888,0.00688174598918323,0.8002593936982999,8.165904757926872e-05,0.0,2.5634773379034193e-05,0.00017039460506400775,0.06897370191114448
362,sumI,1.0000000000000002,120.91052881752327,0.17151204991752245,0.8010571807212142,0.00043272403813283033,0.00059811363,0.0006742864502554708,0.0005378052953472578,0.04857615503919815
363,hmax,0.9999999999999997,5.2075274548377815,0.23674233203399053,0.8020395887996208,6.19184227086985e-05,0.0008367061,0.002112509229833516,0.001150525219345879,0.06032906917122365
364,gmax,1.0000000000000002,8.530196521575581,0.26215674219442286,0.8022177813393705,9.855824403401652e-05,0.00010308581,0.001501597772427988,0.0019860070062171233,0.013469261407654335
365,hmin,0.9999999999999998,438.1307740325376,0.2439125012122494,0.8029274612910229,0.0006402955112250664,0.00079130253,0.0035242299718020943,0.007412881467496651,0.1683970224343116
366,gmin,1.0,0.9820444604333218,0.2592022792062618,0.8020892533707854,0.0010367551487121607,0.00060650543,0.0027475087542346804,0.000773932215520926,0.40412827669199586
367,LipoaffinityIndex,0.9999999999999998,629.3129754266047,0.2247135478676059,0.801056596676668,0.0007377936484757456,0.09052531,0.047227495090456026,0.030333377894053788,0.2711067639373843
368,MAXDN,1.0000000000000002,0.4565016607063293,0.23384889029109956,0.8021781626210348,0.0007926777773974812,0.00037690104,0.0017148263255967972,0.0012735001957170794,0.07662326303718099
369,MAXDP,1.0,10.406616200318586,0.24351194037498836,0.8022494080430814,0.0013061234088569047,0.0013307115,0.0030095790102484805,0.0016911583048190234,0.0034838446169693734
370,DELS,1.0,1.0815928098476175,0.12027259665434542,0.8013771714252078,0.0017488751634298942,0.0002565959,0.0015644521735685927,0.0008161616710921875,0.961733543263859
371,MAXDN2,1.0000000000000002,7.478008691168198,0.2633457508836492,0.8022609761795422,5.3999210435346654e-05,0.00097151735,0.0013404596021214005,0.0005497103968533074,0.3564887273594958
372,MAXDP2,1.0,10.079455731507984,0.23849297874984288,0.8022468534140557,0.00010495749205966754,0.0010432061,0.002513558328982654,0.001903825550553665,0.028365514577959113
373,DELS2,1.0,0.8039108180031099,0.1169062030803838,0.8013829268050877,0.00013609693237757903,0.003587531,0.0008286029039129577,0.0010509720776392796,1.088975572080412
374,ETA_Alpha,0.9999999999999998,303.2303174264612,0.2047402481891325,0.8010125308930298,6.006058292371116e-06,0.0,0.0002837524930039971,0.0009153651912038606,0.16984760377597438
375,ETA_AlphaP,0.9999999999999999,5.461402597179411,0.12576129076371334,0.8015927390322543,0.0019790520879484816,0.0025223738,0.000797911115704395,0.0009385859078417055,0.11291269015975541
376,ETA_dAlpha_A,0.9999999999999999,25.80983162290689,0.025830797607879985,0.8004490244531092,2.0723164803194178e-07,0.0,1.659632980620179e-05,0.0001278594736753824,0.05917995897427411
377,ETA_dAlpha_B,1.0,36.08049629066704,0.11585146842022365,0.8023876560491221,1.613108976892085e-05,0.0,0.0008556757781939205,0.0007905004016008793,0.03683755043758492
378,ETA_Epsilon_1,1.0000000000000002,163.8158255825786,0.14975575958084608,0.802703312867917,0.00019220286794643002,0.00016289364,0.0005842111899711149,0.001520824521863941,0.3909460858122054
379,ETA_Epsilon_2,1.0000000000000002,154.91718629290025,0.1710603433729112,0.8026217024063643,0.0007753902382192753,0.00090525707,0.0007464896224069523,0.0016367139955991202,0.2859116871252336
380,ETA_Epsilon_3,1.0000000000000002,56.47219745706503,0.16458752173476565,0.8017467963573327,2.5646335732580305e-05,0.00010189291,0.0006053671126982013,0.0008805954828381432,0.059414049967598415
381,ETA_Epsilon_4,1.0,278.08731192174713,0.20428519113577615,0.8027851528082885,9.807459763762263e-05,0.00010326817,0.0016558254683774587,0.0018981423607685342,0.29394380563331146
382,ETA_Epsilon_5,0.9999999999999999,147.74532995346624,0.17585162047953595,0.802612521644829,0.0005753838213915845,0.0011436921,0.0013623540254810876,0.0023846146141968576,0.42597009775211975
383,ETA_dEpsilon_A,1.0,172.8046047915905,0.1498864964987332,0.8027185609460111,4.593999229074525e-05,0.00015969633,0.0012614353193888183,0.001452782234587376,0.3034979173515088
384,ETA_dEpsilon_B,1.0,27.142032763789672,0.14625651246002302,0.802337686756095,0.004473877146005871,0.00043138047,0.0007880566096321445,0.0005784276492723406,0.11291791567411219
385,ETA_dEpsilon_C,0.9999999999999998,291.3666180861959,0.18862933810713844,0.8013238104526115,0.0019573574210773213,0.0007922021,0.0008321457483735189,0.0016090111048563819,0.16624092705890794
386,ETA_dEpsilon_D,1.0,8.75988386460061,0.1894129931190358,0.8022559969510232,0.0018171051333358327,0.0005409145,0.001990724196369639,0.0012433946072400164,0.08142714121116473
387,ETA_Psi_1,0.9999999999999999,99.38703914820812,0.13358098316503764,0.8016306169477909,8.021481320496704e-05,0.0005260758,0.0003827741605186752,0.0009382801511740168,0.28874577041224625
388,ETA_dPsi_A,1.0,101.40581220354659,0.1331737001338924,0.8025878470298455,0.0004236298661981826,0.0,0.00044310488191843134,0.0013759947670915428,0.0
389,ETA_dPsi_B,1.0000000000000004,5.217351130508542,0.0003909678611033751,0.800113459466453,0.0,0.0,1.6233135503909454e-09,9.035338182928492e-07,0.019620084561717304
390,ETA_Shape_P,1.0000000000000004,174.62338537841958,0.11650458290666421,0.8026625773476269,0.0005501228087607001,0.00025973364,0.0017712837841864775,0.0013510549175741358,0.5427778088333712
391,ETA_Shape_Y,1.0,8.359448868044545,0.0761686233597807,0.8022519489238418,0.0031186074918509456,0.0020091643,0.006586790957792616,0.0019035669947348635,0.4834817161669358
392,ETA_Shape_X,1.0000000000000002,19.50425659916416,0.07835079724117344,0.8022841914165395,1.5433490814363835e-05,0.00081511395,0.0005699822737877064,0.0011331274760889244,0.5933207270886139
393,ETA_Beta,1.0000000000000002,205.56074159735567,0.20078180851777994,0.8012757602923731,1.786713581899222e-05,0.0009510978,0.0009662009557358293,0.0008253862550746408,0.18336106121325652
394,ETA_BetaP,0.9999999999999998,39.464919700983046,0.17713243215270236,0.802381156339969,0.00013899599800631086,0.00034663294,0.000657298988322693,0.0007681151604325525,0.1443783755125725
395,ETA_Beta_s,0.9999999999999998,210.44455160279608,0.2107372711471065,0.8010973401700267,1.788621921717412e-05,5.7500823e-05,0.00029974603278966864,0.0004458626914994116,0.1969421147578009
396,ETA_BetaP_s,0.9999999999999998,78.86210239332964,0.22262208895945168,0.8025681529805763,0.0037766217029720026,0.0016039298,0.004344831829705744,0.0022177144853408287,0.2233831396054413
397,ETA_Beta_ns,1.0,118.4709432291741,0.1892909721478233,0.8016077423458056,0.001289601836421821,0.00064551376,0.0006619652721482795,0.0004755234594635528,0.30628716417812163
398,ETA_BetaP_ns,1.0,26.23474144471339,0.1472254614044548,0.8023204416465299,0.00020365663243221194,0.00051611563,0.0005573189030751149,0.0006497432972813624,0.12814799117868123
399,ETA_dBeta,1.0,10.044059889324549,0.12465768135887334,0.8021888769596575,0.0026302100004384475,0.0012824239,0.0006803541099682053,0.0008193384719161393,0.25344888167601426
400,ETA_dBetaP,1.0000000000000002,14.33147371279918,0.16001363797177692,0.8022524500067937,0.0001884791073538474,0.0007013841,0.0007257240502363736,0.0009548860605562343,0.22186164874750783
401,ETA_Beta_ns_d,1.0,158.40088607138057,0.0885791064082242,0.8015429788222416,6.160927627231255e-07,0.0,0.00010833088207259631,0.002063249250288245,0.03641403672819429
402,ETA_BetaP_ns_d,1.0000000000000002,9.440617237583798,0.18120799134149346,0.8019363140801932,0.00033223625180410005,7.223613e-05,0.0019080083024779332,0.0012685295104694569,0.019450390516685376
403,ETA_Eta,1.0,161.57961701014125,0.17115861289307555,0.8006354270869779,0.00038148605653704707,0.00043362536,0.0005009239405747228,0.0008069022093465114,0.3201290747075159
404,ETA_EtaP,0.9999999999999999,110.20190705468941,0.14897349664546944,0.8016580432099597,0.0004222000501282445,0.00056731043,0.0012581148812547184,0.0005790919933355542,0.7126508263171356
405,ETA_Eta_R,0.9999999999999997,173.01447812866581,0.2087573814367918,0.8007234733531688,5.315496203000079e-05,0.0005533899,0.000692030808383857,0.0024394539567662798,0.41688250178266156
406,ETA_Eta_F,1.0,130.59629119607274,0.17150866241771823,0.8010608998721654,2.846923802803087e-05,0.00034353786,0.0008931350682688508,0.0005670863806525173,0.14754288044152797
407,ETA_EtaP_F,1.0000000000000002,5.73767509413826,0.09265964468680465,0.8019759968094224,0.001230577116283759,0.004413703,0.002130085306560353,0.0005969206539041633,0.11636518665358699
408,ETA_Eta_L,0.9999999999999999,246.32098319362552,0.19285641820431465,0.8010862667312717,0.0005607247530244879,0.0,0.0005025449325149907,0.0005972373113389762,0.6156116275561494
409,ETA_EtaP_L,1.0000000000000002,47.25867012533603,0.1506167186910199,0.801805314873627,0.002709603170115707,0.00020535232,0.0008835126381904735,0.0007160486851645187,0.6017140638467883
410,ETA_Eta_R_L,1.0,291.94564524179873,0.2066436519551651,0.80101890934468,6.575519812842285e-08,0.0,0.0002049776284549024,0.00046502695049824164,0.1759708238665906
411,ETA_Eta_F_L,0.9999999999999999,134.90645066503734,0.205942184893531,0.8014253040655416,0.006119017933487885,0.00023721618,0.0015413656648115344,0.0008374969822467305,0.2937465180221097
412,ETA_EtaP_F_L,1.0,32.19199061194072,0.1869067762207477,0.8023477236454598,4.981449801049937e-05,0.0004098388,0.0008675554085272161,0.0008123735810594121,0.09034404676574138
413,ETA_Eta_B,0.9999999999999998,4.03496044723703,0.057221901993992574,0.8010532206857328,0.0008901231784475346,0.00089371036,0.0007276609551660005,0.000754000428838637,0.10862850823128994
414,ETA_EtaP_B,0.9999999999999999,56.65322707597288,0.06462047171453111,0.802386188037133,0.0018147719767678777,0.00043913195,0.0011635649753931156,0.0012179468401233634,0.5557610629001282
415,ETA_Eta_B_RC,1.0000000000000002,75.27151688506275,0.1343852942609507,0.8011423520872527,0.0018787783102106716,0.0039546303,0.0009255718704230698,0.001267387621506826,0.00420375796674261
416,ETA_EtaP_B_RC,0.9999999999999998,57.087925195670195,0.10562463891795737,0.8023922408095856,2.0060584555919675e-05,0.0006019651,0.0013942061894495655,0.001211351557498858,0.34979788388634847
417,FMF,1.0000000000000002,0.6746776680211377,0.11378746301876408,0.8021361378338849,0.001403632155166997,0.0012359037,0.0011989576587956455,0.0010972090065449744,0.20466938831532633
418,fragC,0.9999999999999996,102.80497153488132,0.21721485154132747,0.8005378181442989,0.0005216777895026532,0.00013438874,0.0033373345450579133,0.0005133445924457262,0.9471581321281304
419,nHBAcc,1.0000000000000002,142.35358752240035,0.2124838504418376,0.8016219372600062,0.004211706194678781,0.04701348,0.013744740822298833,0.017318905332334433,0.974370650613336
420,nHBAcc2,1.0,4.798029382078185,0.10630342789822844,0.8012899313393488,1.4208510447799834e-05,0.0018223386,0.0001575265072151986,0.001439473218370723,1.3036468451708236
421,nHBAcc3,0.9999999999999999,0.8540920607826383,0.07514860297139814,0.8015606932382616,2.008496775823514e-06,0.0,0.00010166906858777457,0.0009497168684345294,0.015099247786203071
422,nHBAcc_Lipinski,1.0,17.443959832148696,0.13516848263000547,0.8013104010996064,0.0028908870999032714,0.0002879864,0.004051287963735308,0.002985844801419175,0.9194452245976794
423,nHBDon,1.0000000000000004,22.135888927675833,0.08105419858390839,0.8004734169778835,1.252094579988468e-05,0.0,4.8906681393025956e-05,0.0007672549594867912,0.16335078451000923
424,nHBDon_Lipinski,1.0000000000000002,11.995305212764281,0.07621663266503154,0.8003105800664132,1.1965937651494849e-05,0.0,0.00013019758363013093,0.0010698539426745384,0.022109758203200616
425,HybRatio,0.9999999999999998,19.56553982451985,0.17386624244755522,0.801910477745513,0.005241380448703538,0.00027004362,0.0007126533274550592,0.0005749852389554809,0.21190761279419773
426,Kier1,1.0,192.97513160385523,0.22860861719503767,0.8008693647276371,0.00022594588538545258,9.478878e-05,0.00033531921545403026,0.0006293466529257933,0.35040836856673224
427,Kier2,0.9999999999999999,160.99968846009742,0.24559654325378855,0.8009016188260843,0.00016706908961266527,0.0012448007,0.002126438237133717,0.001364335653469252,0.6549899746962551
428,Kier3,1.0000000000000002,80.89968277994238,0.2600104205958913,0.8005926638669789,0.00016799579353166542,0.004493908,0.0027540788246058663,0.001816513935388492,0.5670991397082488
429,nAtomLC,1.0,2.8067653538225468,0.11372706748235295,0.8007826418804908,3.1464890728588905e-05,0.0011195309,0.0006049428456749851,0.0010895059047044346,0.023798361845087226
430,nAtomP,0.9999999999999998,0.8432132761751506,0.21242201275911476,0.8021263321004936,1.8577032521146778e-05,0.00018849008,0.0009965287540913065,0.0016403309300098404,0.08635151582235358
431,nAtomLAC,1.0,87.52755567835918,0.12243390331502679,0.8015770683181859,6.876622781428751e-05,0.00036542985,0.00045722267118849044,0.003666434933273792,0.07768780600454137
432,MLogP,1.0,767.5771002099394,0.2245528491323956,0.8009883024893282,8.649514106282417e-05,7.6779244e-05,0.009810202102990228,0.051398314911806686,0.19566325069608606
433,McGowan_Volume,1.0,286.12373270727215,0.24767616461698871,0.8009720695380897,9.634306507747758e-06,0.0010515328,0.0006387644002093704,0.0011469220444233707,0.1510451590870693
434,MDEC-11,0.9999999999999998,1.7013366674520423,0.06288103368899733,0.8014255001631572,3.373036187103762e-05,4.7585567e-05,0.000502740494190628,0.0007101996993368422,0.07084027654849814
435,MDEC-12,0.9999999999999998,10.78163747691878,0.0892502370807331,0.8019493328926273,0.0009713071082842731,0.00089703896,0.0009144078796749853,0.0007410776992237123,0.38379195123789833
436,MDEC-13,1.0,2.8694646677482036,0.055416236048175804,0.8017156837846038,0.00016773764148822538,0.00030083957,0.0017202069972455083,0.0011900623200998062,0.008937913505771798
437,MDEC-14,1.0000000000000004,4.105240400472114,0.06529041374808808,0.8018206344957168,0.0012730009589954035,0.0,0.0005237319802297851,0.0006810147310167418,0.04273527731536404
438,MDEC-22,1.0,422.59918819208235,0.22025232658992167,0.8011997476842914,0.011505419375565639,0.0004354212,0.00216106012703368,0.0019558274850953595,0.06771404868316719
439,MDEC-23,1.0,803.4923642505256,0.28245192654460727,0.8009723014495796,0.28981600421893045,0.07999601,0.1937668977965072,0.03319168048568378,0.14055564723857733
440,MDEC-24,0.9999999999999998,2.9291606211449515,0.06815454135439314,0.8022090357404248,0.0,0.000104936924,0.001508901256297649,0.0007176455340488642,0.21602421366209879
441,MDEC-33,1.0000000000000002,133.06005983548968,0.22151338485945438,0.8014917235862749,0.0020816526575340856,0.007099683,0.007817998851518852,0.004157754118768193,0.08932540956216503
442,MDEC-34,0.9999999999999999,6.678046373171909,0.05078415058796781,0.8022223799460676,0.004227588470958641,0.008305771,0.0013510096140689207,0.0010411300808614073,0.22646263254174648
443,MDEC-44,0.9999999999999997,4.800437548652529,0.019883150050891363,0.8008926578851295,0.0,0.0,3.4317002681987e-06,0.0001790413980456127,0.03789637762673847
444,MDEO-11,0.9999999999999999,14.574484350075085,0.20976450864541007,0.8014889045087679,1.4387325994523535e-07,0.0010120998,0.002211393306965103,0.0020179810730334645,0.10788070589943674
445,MDEO-12,0.9999999999999998,16.457618357724925,0.23139096178490037,0.8022650266579211,0.020117870547995704,0.013697914,0.009697549112329985,0.004756428891506748,0.09281695860322085
446,MDEO-22,1.0000000000000002,1.2489901872686957,0.1693559791759225,0.8016860833275377,2.874518618998254e-07,0.0012122663,0.0002734196349546491,0.0005351402252304964,0.18553171287539028
447,MDEN-11,0.9999999999999998,1.8344393587618653,0.006884542565040563,0.7998368601619725,0.0,0.0,4.090540506272061e-07,4.197236536429634e-06,0.12436913185467846
448,MDEN-12,0.9999999999999999,2.4507676066794777,0.028548825133609457,0.8000785690387335,0.0,0.00014684004,7.790238584772783e-06,6.716653089847256e-05,0.04367193420033127
449,MDEN-13,1.0000000000000002,20.855449891008398,0.013951617788904525,0.799743537674538,0.0,6.172902e-05,3.082344532682213e-05,3.418219421065661e-05,0.07285512176159002
450,MDEN-22,0.9999999999999998,94.52910587323198,0.10441943292500122,0.802165936119399,1.7822218494498436e-08,0.0,5.1651443562204454e-05,0.0003369476164885332,0.4144343773907669
451,MDEN-23,1.0,107.90685562306982,0.09647043220764284,0.8021229469056056,0.0008433051108902397,0.00015744328,0.0009641166841459277,0.0009799139992472368,0.134847600469005
452,MDEN-33,1.0,0.16820397549906774,0.08125955401035756,0.8014742581078796,0.0,0.00056042883,0.00028365383105462874,0.0009547636258719225,0.08057277096081102
453,MLFER_A,1.0,289.94306265198964,0.27484861920835124,0.8011002787496826,0.00013447299192613876,0.0072914544,0.01677819332911473,0.007824422999132954,0.059534333259643545
454,MLFER_BH,0.9999999999999998,34.56216241202305,0.2158540803662845,0.8007980430395361,0.0009598846724878656,0.0013286589,0.0018370267578453506,0.001798272000208572,0.21424182872072367
455,MLFER_BO,1.0,40.81166713477919,0.23269697650099364,0.8007724073172366,0.00029611000032038953,0.0010486433,0.0016167648123922396,0.0017496810112252485,0.2148613027530376
456,MLFER_S,1.0,6.648490552152311,0.1744414325125918,0.8013762922778048,0.017960684470835982,0.00041788694,0.003285732565944699,0.0018571711234860594,0.16548741501145542
457,MLFER_E,1.0,152.46399414557715,0.13642371670583842,0.8013060544798511,2.4871429839377697e-05,0.0007311284,0.0025271144804268463,0.0011081778088914446,0.09147289828361725
458,MLFER_L,0.9999999999999998,187.10698868531787,0.18147047171511588,0.801025121729582,9.216075480513403e-05,0.00055140746,0.0013351595987735026,0.000731033403202276,0.6201013955547653
459,PetitjeanNumber,1.0000000000000002,16.27705975383265,0.11379210255112593,0.8019020363313836,0.0011555057261446303,0.0002521407,0.0009470307460438545,0.0032054513771559053,0.018168528399649508
460,nRing,1.0000000000000002,294.76767853452037,0.1145601969498169,0.8013470335567591,3.405020722040415e-07,0.0,2.7051776074239214e-05,0.0005746456106014933,0.6876476169445831
461,n3Ring,1.0000000000000013,1.9696616397392306,0.0,0.7996995161823393,0.0,0.0,2.4119508876486947e-07,1.5663646240407872e-05,0.05819852573457186
462,n4Ring,1.0000000000000004,9.726581719667033,0.0,0.8003132581175715,0.0,0.0,1.191353570900512e-05,5.847507908590204e-05,0.018863685259017052
463,n5Ring,1.0000000000000002,45.378933952136855,0.06042193646323768,0.8024644534988598,4.968980339619565e-08,0.00030570873,4.242164198187014e-05,0.0014924464299738707,0.018743999530700103
464,n6Ring,1.0000000000000002,452.7417726112304,0.1830982073825589,0.8011961445888868,2.5809783294130803e-05,0.0,0.00031163752508862,0.0011630501370130083,0.026532292289218093
465,n7Ring,1.0000000000000002,83.94314373062166,0.03317851263383931,0.8016637487399758,0.0,0.0,9.27184847195409e-06,0.0005707009087683655,0.10921969286124417
466,n8Ring,0.9999999999999997,0.6423797436705982,0.0017026426159433283,0.7998476563169536,0.0,0.0,4.8543435588100296e-06,8.362410151837417e-06,0.006815287187571407
467,n12Ring,1.0000000000000002,1.1241113632688076,0.0,0.8005705264751881,0.0,0.0,0.0,1.3768362475246969e-06,0.004414223923287343
468,nG12Ring,0.9999999999999993,0.3590240851909307,0.0019296448034397118,0.7998126426146575,0.0,0.0,3.964673634844905e-09,1.870751656302155e-05,0.20536814967075048
469,nFRing,1.0,0.5540355014763471,0.0950140293757058,0.8021589918291175,2.0287753318893824e-06,0.00031239406,0.00010728445837106991,0.001051344484661103,0.1001390045825634
470,nF6Ring,1.0000000000000002,12.508715075091425,0.009624416249047085,0.8004375708992303,0.0,0.0,7.609061416410656e-06,6.213180069033166e-05,0.14075228785831034
471,nF7Ring,1.0000000000000002,3.8212893624484936,0.0,0.7998983809206095,0.0,0.0,7.539142651794772e-07,2.836700005649832e-06,0.026786178893182605
472,nF8Ring,0.9999999999999997,1.9028488213708756,0.004643392642249777,0.8008028702066491,0.0,0.00015744894,5.008064993740073e-06,5.3007113692059865e-05,0.012957626578874342
473,nF9Ring,1.0000000000000002,16.712389194422784,0.047597150121764464,0.8023070300342465,1.3568957800606391e-05,0.00010725126,0.0002457234884743258,0.0015491445725323194,0.07812144707232005
474,nF10Ring,1.0000000000000004,0.013603730355016866,0.07122400186659483,0.8021358288574698,0.0,0.0,0.00021920688233230303,0.0006759396103865264,0.021820165512417757
475,nF11Ring,1.0000000000000002,61.29339458955945,0.0274392500741798,0.8017351773717262,1.461816843631834e-06,0.0,5.5613240688719624e-05,0.0005626768769978893,0.016228159153412046
476,nF12Ring,0.9999999999999997,0.0010030254451052136,0.024675025622627356,0.8018225550367729,0.0,0.0,0.00040296408764621745,0.0007164419470683589,0.06203036815939806
477,nFG12Ring,0.9999999999999999,8.528226056489366,0.060724011557727664,0.8022040040762606,0.0,0.0,0.0001469383128641621,0.0010668659630172174,0.04938934897285711
478,nTRing,0.9999999999999998,43.628629268156324,0.16872479066030177,0.8018163230217249,9.676620187096643e-06,4.9771057e-05,0.00013898640217827147,0.0008893061847670349,0.014440085060874512
479,nT4Ring,1.0000000000000004,9.726581719667033,0.0,0.8003132581175715,0.0,0.0,5.245993368883071e-08,0.00011180893707924747,0.0028977955864941565
480,nT5Ring,1.0000000000000002,45.378933952136855,0.06237618832434011,0.8024644534988598,4.887502577675912e-06,0.0,8.729683539684924e-05,0.0013060105443455502,0.010998630653901957
481,nT6Ring,1.0,474.62046007108023,0.1866818350575854,0.8011775104096627,6.366391909335873e-05,0.00050498714,0.00019992109649276258,0.0010893849179093472,0.029047099314015275
482,nT7Ring,1.0000000000000002,88.29708320146563,0.03182304792859236,0.8016618226766609,0.0,8.264986e-05,3.889803368542848e-05,0.0003658603552170695,0.01923993306885727
483,nT8Ring,1.0000000000000002,1.5334553292115378,0.004598234783216304,0.8008687912658731,0.0,0.0,1.4910331017862426e-05,5.69525629215341e-05,0.005116495155373245
484,nT9Ring,1.0000000000000002,16.712389194422784,0.04791339850403209,0.8023070300342465,9.514878155936633e-07,0.0,0.0002807275669089161,0.002192614485963433,0.003508492175867937
485,nT10Ring,1.0000000000000004,0.013603730355016866,0.06862559370864574,0.8021358288574698,3.5034585006170454e-07,0.0,5.4857462827708504e-05,0.0007022574457990516,0.002215893954011428
486,nT11Ring,1.0000000000000002,61.29339458955945,0.023434162038262096,0.8017351773717262,0.0,0.0,1.2943895088688253e-06,0.0007346450604854208,0.0
487,nT12Ring,1.0000000000000002,0.004078679890335521,0.02928559887865756,0.8018395155454117,0.0,0.0,3.709303530705154e-06,0.0004886520175490026,0.01581143145126472
488,nTG12Ring,1.0,8.344408115682427,0.06419161540912466,0.802202273782096,0.0,0.0,3.225761097895569e-05,0.0009526275388019892,0.02043483731012955
489,nRotB,1.0,40.81440167713398,0.19261160235875963,0.8010508460010063,0.0006155104617821413,0.0008567247,0.000635503177678092,0.0010886247362806457,0.10081977236045363
490,LipinskiFailures,1.0,23.745777778758,0.017211850924627514,0.8018987744942264,0.0,0.0,8.744343241344698e-05,0.000931919435932624,0.00964096530874881
491,TopoPSA,1.0,17.66255438800854,0.24049249158277286,0.8011849477897616,0.023253673385769127,0.016330335,0.008798909593752067,0.0013440263367432922,0.08597972609442085
492,VABC,1.0000000000000002,279.2713985207092,0.2126892832783316,0.8009694132034956,7.004955378920889e-05,0.0002684348,0.0010979562500576115,0.002903305781641306,0.09686230257708568
493,VAdjMat,0.9999999999999999,354.0325016225363,0.19498306175592317,0.8012737023136686,1.9645037831162585e-06,0.0,4.6911232101037715e-05,0.0013057361258682787,0.33667500089430724
494,MW,1.0,222.77106171846867,0.21852763497349148,0.8010406812966236,2.825406177393736e-05,0.0012239589,0.00043419027116413524,0.00064570923573103,0.22777203072154023
495,WTPT-1,1.0000000000000002,303.5967726677779,0.22170419370525618,0.8010188420145983,0.0001851816467765614,0.0015110308,0.0003099408402404781,0.002996534594098347,9.27505797439524e-05
496,WTPT-2,0.9999999999999999,133.28139018160965,0.11753770318547385,0.8015624693399442,0.007146626591440691,0.0009738476,0.0025297650430749284,0.0007078248714854886,0.2704055946384366
497,WTPT-3,0.9999999999999998,11.080128234726239,0.3048701640399498,0.8016513774934276,0.00042252121036445906,0.0005594936,0.0015517455317432321,0.0007619258103699029,0.18297298770691137
498,WTPT-4,0.9999999999999998,15.133860072693924,0.2418671878841656,0.8018379244538585,0.0003204404012575626,0.0018901511,0.004410934621984026,0.0012620869971825008,0.1993817012879322
499,WTPT-5,1.0000000000000002,69.12741344990559,0.2896296331249397,0.8018262762607637,0.007168095301928943,0.00077669136,0.004078788115128341,0.002187298767772551,0.18797997361336125
500,WPATH,1.0000000000000002,16.060647516004185,0.21237457799067938,0.800531430985287,2.8806192034016637e-05,0.0006639365,0.0006431088592302747,0.0026800799159742246,0.00011118774613751326
501,WPOL,1.0,297.8258845349486,0.18393087837572697,0.8010921358511957,7.108087900808961e-05,0.0,0.0009321726537857573,0.000858824214917946,0.2607590372786117
502,XLogP,1.0000000000000002,238.54283189983724,0.11467047193768565,0.8013068221124641,0.010253698035967172,0.0011553128,0.006506497927744095,0.001911847079991958,0.20204889659653855
503,Zagreb,0.9999999999999997,314.25604162486985,0.1970830093373559,0.8010535580106035,2.0991574333682066e-05,0.0,0.0001163873957270351,0.0021414967753601187,0.1492153132969563
